QuizName,QuizClass,FirstName,LastName,StudentID,CustomID,Earned Points,Possible Points,PercentCorrect,QuizCreated,DataExported,Key Version,Stu1,PriKey1,Points1,Mark1,Stu2,PriKey2,Points2,Mark2,Stu3,PriKey3,Points3,Mark3,Stu4,PriKey4,Points4,Mark4,Stu5,PriKey5,Points5,Mark5,Stu6,PriKey6,Points6,Mark6,Stu7,PriKey7,Points7,Mark7,Stu8,PriKey8,Points8,Mark8,Stu9,PriKey9,Points9,Mark9,Stu10,PriKey10,Points10,Mark10,Stu11,PriKey11,Points11,Mark11,Stu12,PriKey12,Points12,Mark12,Stu13,PriKey13,Points13,Mark13,Stu14,PriKey14,Points14,Mark14,Stu15,PriKey15,Points15,Mark15,Stu16,PriKey16,Points16,Mark16,Stu17,PriKey17,Points17,Mark17,Stu18,PriKey18,Points18,Mark18,Stu19,PriKey19,Points19,Mark19,Stu20,PriKey20,Points20,Mark20
"cpr practical 2020/2","",,,6230213022,,36.0,40.0,90.0,2021-04-01,2021-04-01 04:12:00,,"Y","Y",2.0,C,"Y","Y",2.0,C,"Y","Y",2.0,C,"Y","Y",2.0,C,"Y","Y",2.0,C,"Y","Y",2.0,C,"Y","Y",2.0,C,"Y","Y",2.0,C,"Y","Y",2.0,C,"Y","Y",2.0,C,"Y","Y",2.0,C,"Y","Y",2.0,C,"Y","Y",2.0,C,"Y","Y",2.0,C,"Y","Y",2.0,C,"Y","Y",2.0,C,"N","Y",1.0,P,"N","Y",1.0,P,"N","Y",1.0,P,"N","Y",1.0,P
"cpr practical 2020/2","",,,6230213018,,32.0,40.0,80.0,2021-04-01,2021-04-01 04:12:00,,"Y","Y",2.0,C,"Y","Y",2.0,C,"Y","Y",2.0,C,"Y","Y",2.0,C,"Y","Y",2.0,C,"Y","Y",2.0,C,"Y","Y",2.0,C,"N","Y",1.0,P,"Y","Y",2.0,C,"N","Y",1.0,P,"N","Y",1.0,P,"N","Y",1.0,P,"Y","Y",2.0,C,"Y","Y",2.0,C,"Y","Y",2.0,C,"Y","Y",2.0,C,"N","Y",1.0,P,"N","Y",1.0,P,"N","Y",1.0,P,"N","Y",1.0,P
"cpr practical 2020/2","",,,6230213028,,34.0,40.0,85.0,2021-04-01,2021-04-01 04:12:00,,"Y","Y",2.0,C,"Y","Y",2.0,C,"Y","Y",2.0,C,"Y","Y",2.0,C,"Y","Y",2.0,C,"Y","Y",2.0,C,"Y","Y",2.0,C,"Y","Y",2.0,C,"Y","Y",2.0,C,"Y","Y",2.0,C,"Y","Y",2.0,C,"Y","Y",2.0,C,"N","Y",1.0,P,"N","Y",1.0,P,"Y","Y",2.0,C,"Y","Y",2.0,C,"N","Y",1.0,P,"N","Y",1.0,P,"N","Y",1.0,P,"N","Y",1.0,P
"cpr practical 2020/2","",,,6330311016,,37.0,40.0,92.5,2021-04-01,2021-04-01 04:12:00,,"Y","Y",2.0,C,"Y","Y",2.0,C,"Y","Y",2.0,C,"Y","Y",2.0,C,"Y","Y",2.0,C,"Y","Y",2.0,C,"Y","Y",2.0,C,"Y","Y",2.0,C,"Y","Y",2.0,C,"Y","Y",2.0,C,"Y","Y",2.0,C,"Y","Y",2.0,C,"Y","Y",2.0,C,"Y","Y",2.0,C,"0","Y",0.0,X,"Y","Y",2.0,C,"Y","Y",2.0,C,"N","Y",1.0,P,"Y","Y",2.0,C,"Y","Y",2.0,C
"cpr practical 2020/2","",,,6330311038,,36.0,40.0,90.0,2021-04-01,2021-04-01 04:12:00,,"Y","Y",2.0,C,"Y","Y",2.0,C,"Y","Y",2.0,C,"Y","Y",2.0,C,"Y","Y",2.0,C,"Y","Y",2.0,C,"Y","Y",2.0,C,"Y","Y",2.0,C,"Y","Y",2.0,C,"Y","Y",2.0,C,"Y","Y",2.0,C,"N","Y",1.0,P,"Y","Y",2.0,C,"Y","Y",2.0,C,"0","Y",0.0,X,"Y","Y",2.0,C,"Y","Y",2.0,C,"N","Y",1.0,P,"Y","Y",2.0,C,"Y","Y",2.0,C
"cpr practical 2020/2","",,,6330311033,,37.0,40.0,92.5,2021-04-01,2021-04-01 04:12:00,,"Y","Y",2.0,C,"Y","Y",2.0,C,"Y","Y",2.0,C,"Y","Y",2.0,C,"Y","Y",2.0,C,"Y","Y",2.0,C,"Y","Y",2.0,C,"Y","Y",2.0,C,"Y","Y",2.0,C,"Y","Y",2.0,C,"Y","Y",2.0,C,"Y","Y",2.0,C,"Y","Y",2.0,C,"Y","Y",2.0,C,"0","Y",0.0,X,"Y","Y",2.0,C,"Y","Y",2.0,C,"N","Y",1.0,P,"Y","Y",2.0,C,"Y","Y",2.0,C
"cpr practical 2020/2","",,,6230211007,,39.0,40.0,97.5,2021-04-01,2021-04-01 04:12:00,,"Y","Y",2.0,C,"Y","Y",2.0,C,"Y","Y",2.0,C,"Y","Y",2.0,C,"Y","Y",2.0,C,"Y","Y",2.0,C,"Y","Y",2.0,C,"Y","Y",2.0,C,"Y","Y",2.0,C,"Y","Y",2.0,C,"Y","Y",2.0,C,"Y","Y",2.0,C,"Y","Y",2.0,C,"Y","Y",2.0,C,"Y","Y",2.0,C,"Y","Y",2.0,C,"Y","Y",2.0,C,"Y","Y",2.0,C,"N","Y",1.0,P,"Y","Y",2.0,C
"cpr practical 2020/2","",,,6230311036,,40.0,40.0,100.0,2021-04-01,2021-04-01 04:12:00,,"Y","Y",2.0,C,"Y","Y",2.0,C,"Y","Y",2.0,C,"Y","Y",2.0,C,"Y","Y",2.0,C,"Y","Y",2.0,C,"Y","Y",2.0,C,"Y","Y",2.0,C,"Y","Y",2.0,C,"Y","Y",2.0,C,"Y","Y",2.0,C,"Y","Y",2.0,C,"Y","Y",2.0,C,"Y","Y",2.0,C,"Y","Y",2.0,C,"Y","Y",2.0,C,"Y","Y",2.0,C,"Y","Y",2.0,C,"Y","Y",2.0,C,"Y","Y",2.0,C
"cpr practical 2020/2","",,,6230211005,,40.0,40.0,100.0,2021-04-01,2021-04-01 04:12:00,,"Y","Y",2.0,C,"Y","Y",2.0,C,"Y","Y",2.0,C,"Y","Y",2.0,C,"Y","Y",2.0,C,"Y","Y",2.0,C,"Y","Y",2.0,C,"Y","Y",2.0,C,"Y","Y",2.0,C,"Y","Y",2.0,C,"Y","Y",2.0,C,"Y","Y",2.0,C,"Y","Y",2.0,C,"Y","Y",2.0,C,"Y","Y",2.0,C,"Y","Y",2.0,C,"Y","Y",2.0,C,"Y","Y",2.0,C,"Y","Y",2.0,C,"Y","Y",2.0,C
"cpr practical 2020/2","",,,6330612014,,36.0,40.0,90.0,2021-04-01,2021-04-01 04:12:00,,"Y","Y",2.0,C,"Y","Y",2.0,C,"Y","Y",2.0,C,"Y","Y",2.0,C,"Y","Y",2.0,C,"Y","Y",2.0,C,"Y","Y",2.0,C,"N","Y",1.0,P,"Y","Y",2.0,C,"Y","Y",2.0,C,"Y","Y",2.0,C,"Y","Y",2.0,C,"Y","Y",2.0,C,"Y","Y",2.0,C,"0","Y",0.0,X,"Y","Y",2.0,C,"Y","Y",2.0,C,"N","Y",1.0,P,"Y","Y",2.0,C,"Y","Y",2.0,C
"cpr practical 2020/2","",,,6330612012,,36.0,40.0,90.0,2021-04-01,2021-04-01 04:12:00,,"Y","Y",2.0,C,"Y","Y",2.0,C,"Y","Y",2.0,C,"Y","Y",2.0,C,"Y","Y",2.0,C,"Y","Y",2.0,C,"Y","Y",2.0,C,"N","Y",1.0,P,"Y","Y",2.0,C,"Y","Y",2.0,C,"Y","Y",2.0,C,"Y","Y",2.0,C,"Y","Y",2.0,C,"Y","Y",2.0,C,"0","Y",0.0,X,"Y","Y",2.0,C,"Y","Y",2.0,C,"N","Y",1.0,P,"Y","Y",2.0,C,"Y","Y",2.0,C
"cpr practical 2020/2","",,,6230213017,,39.0,40.0,97.5,2021-04-01,2021-04-01 04:12:00,,"Y","Y",2.0,C,"Y","Y",2.0,C,"Y","Y",2.0,C,"Y","Y",2.0,C,"Y","Y",2.0,C,"Y","Y",2.0,C,"Y","Y",2.0,C,"Y","Y",2.0,C,"Y","Y",2.0,C,"Y","Y",2.0,C,"Y","Y",2.0,C,"Y","Y",2.0,C,"Y","Y",2.0,C,"Y","Y",2.0,C,"N","Y",1.0,P,"Y","Y",2.0,C,"Y","Y",2.0,C,"Y","Y",2.0,C,"Y","Y",2.0,C,"Y","Y",2.0,C
"cpr practical 2020/2","",,,6230213027,,37.0,40.0,92.5,2021-04-01,2021-04-01 04:12:00,,"Y","Y",2.0,C,"Y","Y",2.0,C,"Y","Y",2.0,C,"Y","Y",2.0,C,"Y","Y",2.0,C,"Y","Y",2.0,C,"Y","Y",2.0,C,"N","Y",1.0,P,"Y","Y",2.0,C,"N","Y",1.0,P,"Y","Y",2.0,C,"Y","Y",2.0,C,"Y","Y",2.0,C,"Y","Y",2.0,C,"N","Y",1.0,P,"Y","Y",2.0,C,"Y","Y",2.0,C,"Y","Y",2.0,C,"Y","Y",2.0,C,"Y","Y",2.0,C
"cpr practical 2020/2","",,,6230212014,,39.0,40.0,97.5,2021-04-01,2021-04-01 04:12:00,,"Y","Y",2.0,C,"Y","Y",2.0,C,"Y","Y",2.0,C,"Y","Y",2.0,C,"Y","Y",2.0,C,"Y","Y",2.0,C,"Y","Y",2.0,C,"Y","Y",2.0,C,"Y","Y",2.0,C,"Y","Y",2.0,C,"Y","Y",2.0,C,"Y","Y",2.0,C,"Y","Y",2.0,C,"Y","Y",2.0,C,"N","Y",1.0,P,"Y","Y",2.0,C,"Y","Y",2.0,C,"Y","Y",2.0,C,"Y","Y",2.0,C,"Y","Y",2.0,C
"cpr practical 2020/2","",,,6330612007,,37.0,40.0,92.5,2021-04-01,2021-04-01 04:12:00,,"Y","Y",2.0,C,"Y","Y",2.0,C,"Y","Y",2.0,C,"Y","Y",2.0,C,"Y","Y",2.0,C,"Y","Y",2.0,C,"Y","Y",2.0,C,"Y","Y",2.0,C,"Y","Y",2.0,C,"Y","Y",2.0,C,"Y","Y",2.0,C,"Y","Y",2.0,C,"Y","Y",2.0,C,"Y","Y",2.0,C,"0","Y",0.0,X,"Y","Y",2.0,C,"Y","Y",2.0,C,"N","Y",1.0,P,"Y","Y",2.0,C,"Y","Y",2.0,C
"cpr practical 2020/2","",,,6230212013,,36.0,40.0,90.0,2021-04-01,2021-04-01 04:12:00,,"N","Y",1.0,P,"N","Y",1.0,P,"Y","Y",2.0,C,"Y","Y",2.0,C,"Y","Y",2.0,C,"Y","Y",2.0,C,"Y","Y",2.0,C,"Y","Y",2.0,C,"Y","Y",2.0,C,"Y","Y",2.0,C,"Y","Y",2.0,C,"Y","Y",2.0,C,"Y","Y",2.0,C,"Y","Y",2.0,C,"N","Y",1.0,P,"N","Y",1.0,P,"Y","Y",2.0,C,"Y","Y",2.0,C,"Y","Y",2.0,C,"Y","Y",2.0,C
"cpr practical 2020/2","",,,6230212011,,33.0,40.0,82.5,2021-04-01,2021-04-01 04:12:00,,"N","Y",1.0,P,"N","Y",1.0,P,"Y","Y",2.0,C,"Y","Y",2.0,C,"Y","Y",2.0,C,"Y","Y",2.0,C,"Y","Y",2.0,C,"N","Y",1.0,P,"Y","Y",2.0,C,"Y","Y",2.0,C,"Y","Y",2.0,C,"Y","Y",2.0,C,"Y","Y",2.0,C,"Y","Y",2.0,C,"N","Y",1.0,P,"N","Y",1.0,P,"Y","Y",2.0,C,"N","Y",1.0,P,"N","Y",1.0,P,"Y","Y",2.0,C
"cpr practical 2020/2","",,,6230212001,,34.0,40.0,85.0,2021-04-01,2021-04-01 04:12:00,,"N","Y",1.0,P,"N","Y",1.0,P,"Y","Y",2.0,C,"Y","Y",2.0,C,"Y","Y",2.0,C,"Y","Y",2.0,C,"Y","Y",2.0,C,"Y","Y",2.0,C,"N","Y",1.0,P,"Y","Y",2.0,C,"Y","Y",2.0,C,"N","Y",1.0,P,"Y","Y",2.0,C,"Y","Y",2.0,C,"N","Y",1.0,P,"N","Y",1.0,P,"Y","Y",2.0,C,"Y","Y",2.0,C,"Y","Y",2.0,C,"Y","Y",2.0,C
"cpr practical 2020/2","",,,6230212008,,37.0,40.0,92.5,2021-04-01,2021-04-01 04:12:00,,"Y","Y",2.0,C,"Y","Y",2.0,C,"N","Y",1.0,P,"Y","Y",2.0,C,"N","Y",1.0,P,"N","Y",1.0,P,"Y","Y",2.0,C,"Y","Y",2.0,C,"Y","Y",2.0,C,"Y","Y",2.0,C,"Y","Y",2.0,C,"Y","Y",2.0,C,"Y","Y",2.0,C,"Y","Y",2.0,C,"Y","Y",2.0,C,"Y","Y",2.0,C,"Y","Y",2.0,C,"Y","Y",2.0,C,"Y","Y",2.0,C,"Y","Y",2.0,C
"cpr practical 2020/2","",,,6230211013,,38.0,40.0,95.0,2021-04-01,2021-04-01 04:12:00,,"Y","Y",2.0,C,"Y","Y",2.0,C,"Y","Y",2.0,C,"Y","Y",2.0,C,"Y","Y",2.0,C,"Y","Y",2.0,C,"Y","Y",2.0,C,"Y","Y",2.0,C,"Y","Y",2.0,C,"Y","Y",2.0,C,"Y","Y",2.0,C,"Y","Y",2.0,C,"N","Y",1.0,P,"N","Y",1.0,P,"Y","Y",2.0,C,"Y","Y",2.0,C,"Y","Y",2.0,C,"Y","Y",2.0,C,"Y","Y",2.0,C,"Y","Y",2.0,C
"cpr practical 2020/2","",,,6230213025,,39.0,40.0,97.5,2021-04-01,2021-04-01 04:12:00,,"Y","Y",2.0,C,"Y","Y",2.0,C,"Y","Y",2.0,C,"Y","Y",2.0,C,"Y","Y",2.0,C,"Y","Y",2.0,C,"Y","Y",2.0,C,"Y","Y",2.0,C,"Y","Y",2.0,C,"Y","Y",2.0,C,"Y","Y",2.0,C,"N","Y",1.0,P,"Y","Y",2.0,C,"Y","Y",2.0,C,"Y","Y",2.0,C,"Y","Y",2.0,C,"Y","Y",2.0,C,"Y","Y",2.0,C,"Y","Y",2.0,C,"Y","Y",2.0,C
"cpr practical 2020/2","",,,6230211015,,39.0,40.0,97.5,2021-04-01,2021-04-01 04:12:00,,"Y","Y",2.0,C,"Y","Y",2.0,C,"Y","Y",2.0,C,"Y","Y",2.0,C,"Y","Y",2.0,C,"Y","Y",2.0,C,"Y","Y",2.0,C,"Y","Y",2.0,C,"Y","Y",2.0,C,"Y","Y",2.0,C,"Y","Y",2.0,C,"Y","Y",2.0,C,"Y","Y",2.0,C,"Y","Y",2.0,C,"Y","Y",2.0,C,"N","Y",1.0,P,"Y","Y",2.0,C,"Y","Y",2.0,C,"Y","Y",2.0,C,"Y","Y",2.0,C
"cpr practical 2020/2","",,,6230213033,,39.0,40.0,97.5,2021-04-01,2021-04-01 04:12:00,,"Y","Y",2.0,C,"Y","Y",2.0,C,"Y","Y",2.0,C,"Y","Y",2.0,C,"Y","Y",2.0,C,"Y","Y",2.0,C,"Y","Y",2.0,C,"Y","Y",2.0,C,"Y","Y",2.0,C,"Y","Y",2.0,C,"Y","Y",2.0,C,"Y","Y",2.0,C,"Y","Y",2.0,C,"Y","Y",2.0,C,"Y","Y",2.0,C,"Y","Y",2.0,C,"Y","Y",2.0,C,"N","Y",1.0,P,"Y","Y",2.0,C,"Y","Y",2.0,C
"cpr practical 2020/2","",,,6330311067,,38.0,40.0,95.0,2021-04-01,2021-04-01 04:12:00,,"N","Y",1.0,P,"Y","Y",2.0,C,"Y","Y",2.0,C,"Y","Y",2.0,C,"Y","Y",2.0,C,"Y","Y",2.0,C,"Y","Y",2.0,C,"Y","Y",2.0,C,"Y","Y",2.0,C,"Y","Y",2.0,C,"Y","Y",2.0,C,"Y","Y",2.0,C,"Y","Y",2.0,C,"Y","Y",2.0,C,"Y","Y",2.0,C,"Y","Y",2.0,C,"Y","Y",2.0,C,"N","Y",1.0,P,"Y","Y",2.0,C,"Y","Y",2.0,C
"cpr practical 2020/2","",,,6330311073,,37.0,40.0,92.5,2021-04-01,2021-04-01 04:12:00,,"N","Y",1.0,P,"Y","Y",2.0,C,"Y","Y",2.0,C,"Y","Y",2.0,C,"Y","Y",2.0,C,"Y","Y",2.0,C,"Y","Y",2.0,C,"N","Y",1.0,P,"Y","Y",2.0,C,"Y","Y",2.0,C,"Y","Y",2.0,C,"Y","Y",2.0,C,"Y","Y",2.0,C,"Y","Y",2.0,C,"Y","Y",2.0,C,"Y","Y",2.0,C,"Y","Y",2.0,C,"N","Y",1.0,P,"Y","Y",2.0,C,"Y","Y",2.0,C
"cpr practical 2020/2","",,,6330311062,,37.0,40.0,92.5,2021-04-01,2021-04-01 04:12:00,,"N","Y",1.0,P,"Y","Y",2.0,C,"Y","Y",2.0,C,"Y","Y",2.0,C,"Y","Y",2.0,C,"Y","Y",2.0,C,"Y","Y",2.0,C,"Y","Y",2.0,C,"Y","Y",2.0,C,"Y","Y",2.0,C,"N","Y",1.0,P,"Y","Y",2.0,C,"Y","Y",2.0,C,"Y","Y",2.0,C,"Y","Y",2.0,C,"Y","Y",2.0,C,"Y","Y",2.0,C,"N","Y",1.0,P,"Y","Y",2.0,C,"Y","Y",2.0,C
"cpr practical 2020/2","",,,6330311056,,36.0,40.0,90.0,2021-04-01,2021-04-01 04:12:00,,"Y","Y",2.0,C,"Y","Y",2.0,C,"Y","Y",2.0,C,"Y","Y",2.0,C,"Y","Y",2.0,C,"Y","Y",2.0,C,"Y","Y",2.0,C,"Y","Y",2.0,C,"Y","Y",2.0,C,"Y","Y",2.0,C,"N","Y",1.0,P,"N","Y",1.0,P,"N","Y",1.0,P,"N","Y",1.0,P,"Y","Y",2.0,C,"Y","Y",2.0,C,"Y","Y",2.0,C,"Y","Y",2.0,C,"Y","Y",2.0,C,"Y","Y",2.0,C
"cpr practical 2020/2","",,,6330311014,,39.0,40.0,97.5,2021-04-01,2021-04-01 04:12:00,,"Y","Y",2.0,C,"Y","Y",2.0,C,"Y","Y",2.0,C,"Y","Y",2.0,C,"Y","Y",2.0,C,"Y","Y",2.0,C,"Y","Y",2.0,C,"Y","Y",2.0,C,"Y","Y",2.0,C,"Y","Y",2.0,C,"Y","Y",2.0,C,"Y","Y",2.0,C,"Y","Y",2.0,C,"N","Y",1.0,P,"Y","Y",2.0,C,"Y","Y",2.0,C,"Y","Y",2.0,C,"Y","Y",2.0,C,"Y","Y",2.0,C,"Y","Y",2.0,C
"cpr practical 2020/2","",,,6330311061,,36.0,40.0,90.0,2021-04-01,2021-04-01 04:12:00,,"Y","Y",2.0,C,"Y","Y",2.0,C,"Y","Y",2.0,C,"Y","Y",2.0,C,"Y","Y",2.0,C,"Y","Y",2.0,C,"Y","Y",2.0,C,"Y","Y",2.0,C,"Y","Y",2.0,C,"N","Y",1.0,P,"Y","Y",2.0,C,"Y","Y",2.0,C,"Y","Y",2.0,C,"N","Y",1.0,P,"Y","Y",2.0,C,"Y","Y",2.0,C,"Y","Y",2.0,C,"N","Y",1.0,P,"Y","Y",2.0,C,"N","Y",1.0,P
"cpr practical 2020/2","",,,6230212010,,35.0,40.0,87.5,2021-04-01,2021-04-01 04:12:00,,"N","Y",1.0,P,"Y","Y",2.0,C,"Y","Y",2.0,C,"Y","Y",2.0,C,"Y","Y",2.0,C,"Y","Y",2.0,C,"Y","Y",2.0,C,"N","Y",1.0,P,"Y","Y",2.0,C,"N","Y",1.0,P,"Y","Y",2.0,C,"Y","Y",2.0,C,"Y","Y",2.0,C,"Y","Y",2.0,C,"N","Y",1.0,P,"Y","Y",2.0,C,"Y","Y",2.0,C,"N","Y",1.0,P,"Y","Y",2.0,C,"Y","Y",2.0,C
"cpr practical 2020/2","",,,6230212007,,37.0,40.0,92.5,2021-04-01,2021-04-01 04:12:00,,"N","Y",1.0,P,"Y","Y",2.0,C,"Y","Y",2.0,C,"Y","Y",2.0,C,"Y","Y",2.0,C,"Y","Y",2.0,C,"Y","Y",2.0,C,"N","Y",1.0,P,"Y","Y",2.0,C,"Y","Y",2.0,C,"Y","Y",2.0,C,"Y","Y",2.0,C,"Y","Y",2.0,C,"Y","Y",2.0,C,"N","Y",1.0,P,"Y","Y",2.0,C,"Y","Y",2.0,C,"Y","Y",2.0,C,"Y","Y",2.0,C,"Y","Y",2.0,C
"cpr practical 2020/2","",,,6230212012,,38.0,40.0,95.0,2021-04-01,2021-04-01 04:12:00,,"N","Y",1.0,P,"Y","Y",2.0,C,"Y","Y",2.0,C,"Y","Y",2.0,C,"Y","Y",2.0,C,"Y","Y",2.0,C,"Y","Y",2.0,C,"Y","Y",2.0,C,"Y","Y",2.0,C,"Y","Y",2.0,C,"Y","Y",2.0,C,"Y","Y",2.0,C,"Y","Y",2.0,C,"Y","Y",2.0,C,"N","Y",1.0,P,"Y","Y",2.0,C,"Y","Y",2.0,C,"Y","Y",2.0,C,"Y","Y",2.0,C,"Y","Y",2.0,C
"cpr practical 2020/2","",,,6230212005,,37.0,40.0,92.5,2021-04-01,2021-04-01 04:12:00,,"N","Y",1.0,P,"Y","Y",2.0,C,"Y","Y",2.0,C,"Y","Y",2.0,C,"Y","Y",2.0,C,"Y","Y",2.0,C,"Y","Y",2.0,C,"Y","Y",2.0,C,"Y","Y",2.0,C,"Y","Y",2.0,C,"Y","Y",2.0,C,"N","Y",1.0,P,"Y","Y",2.0,C,"Y","Y",2.0,C,"N","Y",1.0,P,"Y","Y",2.0,C,"Y","Y",2.0,C,"Y","Y",2.0,C,"Y","Y",2.0,C,"Y","Y",2.0,C
"cpr practical 2020/2","",,,6230212006,,38.0,40.0,95.0,2021-04-01,2021-04-01 04:12:00,,"Y","Y",2.0,C,"Y","Y",2.0,C,"Y","Y",2.0,C,"Y","Y",2.0,C,"Y","Y",2.0,C,"Y","Y",2.0,C,"Y","Y",2.0,C,"Y","Y",2.0,C,"Y","Y",2.0,C,"Y","Y",2.0,C,"Y","Y",2.0,C,"N","Y",1.0,P,"Y","Y",2.0,C,"Y","Y",2.0,C,"Y","Y",2.0,C,"Y","Y",2.0,C,"Y","Y",2.0,C,"N","Y",1.0,P,"Y","Y",2.0,C,"Y","Y",2.0,C
"cpr practical 2020/2","",,,6230212009,,40.0,40.0,100.0,2021-04-01,2021-04-01 04:12:00,,"Y","Y",2.0,C,"Y","Y",2.0,C,"Y","Y",2.0,C,"Y","Y",2.0,C,"Y","Y",2.0,C,"Y","Y",2.0,C,"Y","Y",2.0,C,"Y","Y",2.0,C,"Y","Y",2.0,C,"Y","Y",2.0,C,"Y","Y",2.0,C,"Y","Y",2.0,C,"Y","Y",2.0,C,"Y","Y",2.0,C,"Y","Y",2.0,C,"Y","Y",2.0,C,"Y","Y",2.0,C,"Y","Y",2.0,C,"Y","Y",2.0,C,"Y","Y",2.0,C
"cpr practical 2020/2","",,,6330311048,,37.0,40.0,92.5,2021-04-01,2021-04-01 04:12:00,,"Y","Y",2.0,C,"Y","Y",2.0,C,"Y","Y",2.0,C,"Y","Y",2.0,C,"Y","Y",2.0,C,"Y","Y",2.0,C,"Y","Y",2.0,C,"Y","Y",2.0,C,"Y","Y",2.0,C,"Y","Y",2.0,C,"Y","Y",2.0,C,"Y","Y",2.0,C,"Y","Y",2.0,C,"Y","Y",2.0,C,"0","Y",0.0,X,"Y","Y",2.0,C,"Y","Y",2.0,C,"N","Y",1.0,P,"Y","Y",2.0,C,"Y","Y",2.0,C
"cpr practical 2020/2","",,,6330311058,,37.0,40.0,92.5,2021-04-01,2021-04-01 04:12:00,,"Y","Y",2.0,C,"Y","Y",2.0,C,"Y","Y",2.0,C,"Y","Y",2.0,C,"Y","Y",2.0,C,"Y","Y",2.0,C,"Y","Y",2.0,C,"Y","Y",2.0,C,"Y","Y",2.0,C,"Y","Y",2.0,C,"Y","Y",2.0,C,"Y","Y",2.0,C,"Y","Y",2.0,C,"Y","Y",2.0,C,"0","Y",0.0,X,"Y","Y",2.0,C,"Y","Y",2.0,C,"N","Y",1.0,P,"Y","Y",2.0,C,"Y","Y",2.0,C
"cpr practical 2020/2","",,,6330311043,,37.0,40.0,92.5,2021-04-01,2021-04-01 04:12:00,,"Y","Y",2.0,C,"Y","Y",2.0,C,"Y","Y",2.0,C,"Y","Y",2.0,C,"Y","Y",2.0,C,"Y","Y",2.0,C,"Y","Y",2.0,C,"Y","Y",2.0,C,"Y","Y",2.0,C,"Y","Y",2.0,C,"Y","Y",2.0,C,"Y","Y",2.0,C,"Y","Y",2.0,C,"Y","Y",2.0,C,"0","Y",0.0,X,"Y","Y",2.0,C,"Y","Y",2.0,C,"N","Y",1.0,P,"Y","Y",2.0,C,"Y","Y",2.0,C
"cpr practical 2020/2","",,,6230213015,,37.0,40.0,92.5,2021-04-01,2021-04-01 04:12:00,,"Y","Y",2.0,C,"Y","Y",2.0,C,"Y","Y",2.0,C,"Y","Y",2.0,C,"Y","Y",2.0,C,"Y","Y",2.0,C,"Y","Y",2.0,C,"Y","Y",2.0,C,"Y","Y",2.0,C,"Y","Y",2.0,C,"N","Y",1.0,P,"N","Y",1.0,P,"N","Y",1.0,P,"Y","Y",2.0,C,"Y","Y",2.0,C,"Y","Y",2.0,C,"Y","Y",2.0,C,"Y","Y",2.0,C,"Y","Y",2.0,C,"Y","Y",2.0,C
"cpr practical 2020/2","",,,6230213035,,38.0,40.0,95.0,2021-04-01,2021-04-01 04:12:00,,"Y","Y",2.0,C,"Y","Y",2.0,C,"Y","Y",2.0,C,"Y","Y",2.0,C,"Y","Y",2.0,C,"Y","Y",2.0,C,"Y","Y",2.0,C,"Y","Y",2.0,C,"Y","Y",2.0,C,"Y","Y",2.0,C,"Y","Y",2.0,C,"Y","Y",2.0,C,"Y","Y",2.0,C,"Y","Y",2.0,C,"Y","Y",2.0,C,"N","Y",1.0,P,"Y","Y",2.0,C,"N","Y",1.0,P,"Y","Y",2.0,C,"Y","Y",2.0,C
"cpr practical 2020/2","",,,6230213020,,36.0,40.0,90.0,2021-04-01,2021-04-01 04:12:00,,"Y","Y",2.0,C,"Y","Y",2.0,C,"Y","Y",2.0,C,"Y","Y",2.0,C,"Y","Y",2.0,C,"N","Y",1.0,P,"N","Y",1.0,P,"Y","Y",2.0,C,"N","Y",1.0,P,"Y","Y",2.0,C,"Y","Y",2.0,C,"Y","Y",2.0,C,"Y","Y",2.0,C,"Y","Y",2.0,C,"Y","Y",2.0,C,"Y","Y",2.0,C,"Y","Y",2.0,C,"N","Y",1.0,P,"Y","Y",2.0,C,"Y","Y",2.0,C
"cpr practical 2020/2","",,,6230213016,,40.0,40.0,100.0,2021-04-01,2021-04-01 04:12:00,,"Y","Y",2.0,C,"Y","Y",2.0,C,"Y","Y",2.0,C,"Y","Y",2.0,C,"Y","Y",2.0,C,"Y","Y",2.0,C,"Y","Y",2.0,C,"Y","Y",2.0,C,"Y","Y",2.0,C,"Y","Y",2.0,C,"Y","Y",2.0,C,"Y","Y",2.0,C,"Y","Y",2.0,C,"Y","Y",2.0,C,"Y","Y",2.0,C,"Y","Y",2.0,C,"Y","Y",2.0,C,"Y","Y",2.0,C,"Y","Y",2.0,C,"Y","Y",2.0,C
"cpr practical 2020/2","",,,6230213030,,34.0,40.0,85.0,2021-04-01,2021-04-01 04:12:00,,"Y","Y",2.0,C,"Y","Y",2.0,C,"Y","Y",2.0,C,"N","Y",1.0,P,"Y","Y",2.0,C,"N","Y",1.0,P,"Y","Y",2.0,C,"N","Y",1.0,P,"Y","Y",2.0,C,"N","Y",1.0,P,"Y","Y",2.0,C,"N","Y",1.0,P,"Y","Y",2.0,C,"Y","Y",2.0,C,"Y","Y",2.0,C,"Y","Y",2.0,C,"N","Y",1.0,P,"Y","Y",2.0,C,"Y","Y",2.0,C,"Y","Y",2.0,C
"cpr practical 2020/2","",,,6230213001,,37.0,40.0,92.5,2021-04-01,2021-04-01 04:12:00,,"Y","Y",2.0,C,"Y","Y",2.0,C,"Y","Y",2.0,C,"N","Y",1.0,P,"Y","Y",2.0,C,"N","Y",1.0,P,"Y","Y",2.0,C,"Y","Y",2.0,C,"Y","Y",2.0,C,"Y","Y",2.0,C,"Y","Y",2.0,C,"Y","Y",2.0,C,"Y","Y",2.0,C,"Y","Y",2.0,C,"Y","Y",2.0,C,"Y","Y",2.0,C,"N","Y",1.0,P,"Y","Y",2.0,C,"Y","Y",2.0,C,"Y","Y",2.0,C
"cpr practical 2020/2","",,,6230213013,,36.0,40.0,90.0,2021-04-01,2021-04-01 04:12:00,,"Y","Y",2.0,C,"Y","Y",2.0,C,"Y","Y",2.0,C,"N","Y",1.0,P,"Y","Y",2.0,C,"N","Y",1.0,P,"Y","Y",2.0,C,"Y","Y",2.0,C,"N","Y",1.0,P,"Y","Y",2.0,C,"Y","Y",2.0,C,"Y","Y",2.0,C,"Y","Y",2.0,C,"Y","Y",2.0,C,"Y","Y",2.0,C,"Y","Y",2.0,C,"N","Y",1.0,P,"Y","Y",2.0,C,"Y","Y",2.0,C,"Y","Y",2.0,C
"cpr practical 2020/2","",,,6230213004,,40.0,40.0,100.0,2021-04-01,2021-04-01 04:12:00,,"Y","Y",2.0,C,"Y","Y",2.0,C,"Y","Y",2.0,C,"Y","Y",2.0,C,"Y","Y",2.0,C,"Y","Y",2.0,C,"Y","Y",2.0,C,"Y","Y",2.0,C,"Y","Y",2.0,C,"Y","Y",2.0,C,"Y","Y",2.0,C,"Y","Y",2.0,C,"Y","Y",2.0,C,"Y","Y",2.0,C,"Y","Y",2.0,C,"Y","Y",2.0,C,"Y","Y",2.0,C,"Y","Y",2.0,C,"Y","Y",2.0,C,"Y","Y",2.0,C
"cpr practical 2020/2","",,,6230213026,,40.0,40.0,100.0,2021-04-01,2021-04-01 04:12:00,,"Y","Y",2.0,C,"Y","Y",2.0,C,"Y","Y",2.0,C,"Y","Y",2.0,C,"Y","Y",2.0,C,"Y","Y",2.0,C,"Y","Y",2.0,C,"Y","Y",2.0,C,"Y","Y",2.0,C,"Y","Y",2.0,C,"Y","Y",2.0,C,"Y","Y",2.0,C,"Y","Y",2.0,C,"Y","Y",2.0,C,"Y","Y",2.0,C,"Y","Y",2.0,C,"Y","Y",2.0,C,"Y","Y",2.0,C,"Y","Y",2.0,C,"Y","Y",2.0,C
"cpr practical 2020/2","",,,6330311011,,38.0,40.0,95.0,2021-04-01,2021-04-01 04:12:00,,"Y","Y",2.0,C,"Y","Y",2.0,C,"Y","Y",2.0,C,"Y","Y",2.0,C,"Y","Y",2.0,C,"Y","Y",2.0,C,"Y","Y",2.0,C,"Y","Y",2.0,C,"Y","Y",2.0,C,"Y","Y",2.0,C,"Y","Y",2.0,C,"Y","Y",2.0,C,"Y","Y",2.0,C,"Y","Y",2.0,C,"0","Y",0.0,X,"Y","Y",2.0,C,"Y","Y",2.0,C,"Y","Y",2.0,C,"Y","Y",2.0,C,"Y","Y",2.0,C
"cpr practical 2020/2","",,,6330311017,,38.0,40.0,95.0,2021-04-01,2021-04-01 04:12:00,,"Y","Y",2.0,C,"Y","Y",2.0,C,"Y","Y",2.0,C,"Y","Y",2.0,C,"Y","Y",2.0,C,"Y","Y",2.0,C,"Y","Y",2.0,C,"Y","Y",2.0,C,"Y","Y",2.0,C,"Y","Y",2.0,C,"Y","Y",2.0,C,"Y","Y",2.0,C,"Y","Y",2.0,C,"Y","Y",2.0,C,"0","Y",0.0,X,"Y","Y",2.0,C,"Y","Y",2.0,C,"Y","Y",2.0,C,"Y","Y",2.0,C,"Y","Y",2.0,C
"cpr practical 2020/2","",,,6330311015,,38.0,40.0,95.0,2021-04-01,2021-04-01 04:12:00,,"Y","Y",2.0,C,"Y","Y",2.0,C,"Y","Y",2.0,C,"Y","Y",2.0,C,"Y","Y",2.0,C,"Y","Y",2.0,C,"Y","Y",2.0,C,"Y","Y",2.0,C,"Y","Y",2.0,C,"Y","Y",2.0,C,"Y","Y",2.0,C,"Y","Y",2.0,C,"Y","Y",2.0,C,"Y","Y",2.0,C,"0","Y",0.0,X,"Y","Y",2.0,C,"Y","Y",2.0,C,"Y","Y",2.0,C,"Y","Y",2.0,C,"Y","Y",2.0,C
"cpr practical 2020/2","",,,6230211012,,39.0,40.0,97.5,2021-04-01,2021-04-01 04:12:00,,"Y","Y",2.0,C,"Y","Y",2.0,C,"Y","Y",2.0,C,"Y","Y",2.0,C,"Y","Y",2.0,C,"Y","Y",2.0,C,"Y","Y",2.0,C,"Y","Y",2.0,C,"Y","Y",2.0,C,"Y","Y",2.0,C,"Y","Y",2.0,C,"Y","Y",2.0,C,"Y","Y",2.0,C,"Y","Y",2.0,C,"Y","Y",2.0,C,"N","Y",1.0,P,"Y","Y",2.0,C,"Y","Y",2.0,C,"Y","Y",2.0,C,"Y","Y",2.0,C
"cpr practical 2020/2","",,,6230211004,,40.0,40.0,100.0,2021-04-01,2021-04-01 04:12:00,,"Y","Y",2.0,C,"Y","Y",2.0,C,"Y","Y",2.0,C,"Y","Y",2.0,C,"Y","Y",2.0,C,"Y","Y",2.0,C,"Y","Y",2.0,C,"Y","Y",2.0,C,"Y","Y",2.0,C,"Y","Y",2.0,C,"Y","Y",2.0,C,"Y","Y",2.0,C,"Y","Y",2.0,C,"Y","Y",2.0,C,"Y","Y",2.0,C,"Y","Y",2.0,C,"Y","Y",2.0,C,"Y","Y",2.0,C,"Y","Y",2.0,C,"Y","Y",2.0,C
"cpr practical 2020/2","",,,6230211014,,40.0,40.0,100.0,2021-04-01,2021-04-01 04:12:00,,"Y","Y",2.0,C,"Y","Y",2.0,C,"Y","Y",2.0,C,"Y","Y",2.0,C,"Y","Y",2.0,C,"Y","Y",2.0,C,"Y","Y",2.0,C,"Y","Y",2.0,C,"Y","Y",2.0,C,"Y","Y",2.0,C,"Y","Y",2.0,C,"Y","Y",2.0,C,"Y","Y",2.0,C,"Y","Y",2.0,C,"Y","Y",2.0,C,"Y","Y",2.0,C,"Y","Y",2.0,C,"Y","Y",2.0,C,"Y","Y",2.0,C,"Y","Y",2.0,C
"cpr practical 2020/2","",,,6230211017,,40.0,40.0,100.0,2021-04-01,2021-04-01 04:12:00,,"Y","Y",2.0,C,"Y","Y",2.0,C,"Y","Y",2.0,C,"Y","Y",2.0,C,"Y","Y",2.0,C,"Y","Y",2.0,C,"Y","Y",2.0,C,"Y","Y",2.0,C,"Y","Y",2.0,C,"Y","Y",2.0,C,"Y","Y",2.0,C,"Y","Y",2.0,C,"Y","Y",2.0,C,"Y","Y",2.0,C,"Y","Y",2.0,C,"Y","Y",2.0,C,"Y","Y",2.0,C,"Y","Y",2.0,C,"Y","Y",2.0,C,"Y","Y",2.0,C
"cpr practical 2020/2","",,,6330311004,,39.0,40.0,97.5,2021-04-01,2021-04-01 04:12:00,,"Y","Y",2.0,C,"Y","Y",2.0,C,"Y","Y",2.0,C,"Y","Y",2.0,C,"Y","Y",2.0,C,"Y","Y",2.0,C,"Y","Y",2.0,C,"N","Y",1.0,P,"Y","Y",2.0,C,"Y","Y",2.0,C,"Y","Y",2.0,C,"Y","Y",2.0,C,"Y","Y",2.0,C,"Y","Y",2.0,C,"Y","Y",2.0,C,"Y","Y",2.0,C,"Y","Y",2.0,C,"Y","Y",2.0,C,"Y","Y",2.0,C,"Y","Y",2.0,C
"cpr practical 2020/2","",,,6130613042,,40.0,40.0,100.0,2021-04-01,2021-04-01 04:12:00,,"Y","Y",2.0,C,"Y","Y",2.0,C,"Y","Y",2.0,C,"Y","Y",2.0,C,"Y","Y",2.0,C,"Y","Y",2.0,C,"Y","Y",2.0,C,"Y","Y",2.0,C,"Y","Y",2.0,C,"Y","Y",2.0,C,"Y","Y",2.0,C,"Y","Y",2.0,C,"Y","Y",2.0,C,"Y","Y",2.0,C,"Y","Y",2.0,C,"Y","Y",2.0,C,"Y","Y",2.0,C,"Y","Y",2.0,C,"Y","Y",2.0,C,"Y","Y",2.0,C
"cpr practical 2020/2","",,,6130613013,,40.0,40.0,100.0,2021-04-01,2021-04-01 04:12:00,,"Y","Y",2.0,C,"Y","Y",2.0,C,"Y","Y",2.0,C,"Y","Y",2.0,C,"Y","Y",2.0,C,"Y","Y",2.0,C,"Y","Y",2.0,C,"Y","Y",2.0,C,"Y","Y",2.0,C,"Y","Y",2.0,C,"Y","Y",2.0,C,"Y","Y",2.0,C,"Y","Y",2.0,C,"Y","Y",2.0,C,"Y","Y",2.0,C,"Y","Y",2.0,C,"Y","Y",2.0,C,"Y","Y",2.0,C,"Y","Y",2.0,C,"Y","Y",2.0,C
"cpr practical 2020/2","",,,6130613015,,40.0,40.0,100.0,2021-04-01,2021-04-01 04:12:00,,"Y","Y",2.0,C,"Y","Y",2.0,C,"Y","Y",2.0,C,"Y","Y",2.0,C,"Y","Y",2.0,C,"Y","Y",2.0,C,"Y","Y",2.0,C,"Y","Y",2.0,C,"Y","Y",2.0,C,"Y","Y",2.0,C,"Y","Y",2.0,C,"Y","Y",2.0,C,"Y","Y",2.0,C,"Y","Y",2.0,C,"Y","Y",2.0,C,"Y","Y",2.0,C,"Y","Y",2.0,C,"Y","Y",2.0,C,"Y","Y",2.0,C,"Y","Y",2.0,C
"cpr practical 2020/2","",,,6230311020,,40.0,40.0,100.0,2021-04-01,2021-04-01 04:12:00,,"Y","Y",2.0,C,"Y","Y",2.0,C,"Y","Y",2.0,C,"Y","Y",2.0,C,"Y","Y",2.0,C,"Y","Y",2.0,C,"Y","Y",2.0,C,"Y","Y",2.0,C,"Y","Y",2.0,C,"Y","Y",2.0,C,"Y","Y",2.0,C,"Y","Y",2.0,C,"Y","Y",2.0,C,"Y","Y",2.0,C,"Y","Y",2.0,C,"Y","Y",2.0,C,"Y","Y",2.0,C,"Y","Y",2.0,C,"Y","Y",2.0,C,"Y","Y",2.0,C
"cpr practical 2020/2","",,,6230213003,,39.0,40.0,97.5,2021-04-01,2021-04-01 04:12:00,,"Y","Y",2.0,C,"Y","Y",2.0,C,"Y","Y",2.0,C,"Y","Y",2.0,C,"Y","Y",2.0,C,"Y","Y",2.0,C,"Y","Y",2.0,C,"Y","Y",2.0,C,"Y","Y",2.0,C,"Y","Y",2.0,C,"Y","Y",2.0,C,"Y","Y",2.0,C,"Y","Y",2.0,C,"Y","Y",2.0,C,"Y","Y",2.0,C,"Y","Y",2.0,C,"Y","Y",2.0,C,"N","Y",1.0,P,"Y","Y",2.0,C,"Y","Y",2.0,C
"cpr practical 2020/2","",,,6130315004,,39.0,40.0,97.5,2021-04-01,2021-04-01 04:12:00,,"Y","Y",2.0,C,"Y","Y",2.0,C,"Y","Y",2.0,C,"Y","Y",2.0,C,"Y","Y",2.0,C,"Y","Y",2.0,C,"Y","Y",2.0,C,"N","Y",1.0,P,"Y","Y",2.0,C,"Y","Y",2.0,C,"Y","Y",2.0,C,"Y","Y",2.0,C,"Y","Y",2.0,C,"Y","Y",2.0,C,"Y","Y",2.0,C,"Y","Y",2.0,C,"Y","Y",2.0,C,"Y","Y",2.0,C,"Y","Y",2.0,C,"Y","Y",2.0,C
"cpr practical 2020/2","",,,6130315003,,39.0,40.0,97.5,2021-04-01,2021-04-01 04:12:00,,"Y","Y",2.0,C,"Y","Y",2.0,C,"Y","Y",2.0,C,"Y","Y",2.0,C,"Y","Y",2.0,C,"Y","Y",2.0,C,"Y","Y",2.0,C,"Y","Y",2.0,C,"Y","Y",2.0,C,"Y","Y",2.0,C,"Y","Y",2.0,C,"Y","Y",2.0,C,"Y","Y",2.0,C,"Y","Y",2.0,C,"Y","Y",2.0,C,"Y","Y",2.0,C,"Y","Y",2.0,C,"N","Y",1.0,P,"Y","Y",2.0,C,"Y","Y",2.0,C
"cpr practical 2020/2","",,,6230312046,,37.0,40.0,92.5,2021-04-01,2021-04-01 04:12:00,,"Y","Y",2.0,C,"Y","Y",2.0,C,"Y","Y",2.0,C,"Y","Y",2.0,C,"Y","Y",2.0,C,"Y","Y",2.0,C,"Y","Y",2.0,C,"Y","Y",2.0,C,"Y","Y",2.0,C,"Y","Y",2.0,C,"N","Y",1.0,P,"Y","Y",2.0,C,"Y","Y",2.0,C,"","Y",0.0,X,"Y","Y",2.0,C,"Y","Y",2.0,C,"Y","Y",2.0,C,"Y","Y",2.0,C,"Y","Y",2.0,C,"Y","Y",2.0,C
"cpr practical 2020/2","",,,6230213023,,37.0,40.0,92.5,2021-04-01,2021-04-01 04:12:00,,"Y","Y",2.0,C,"Y","Y",2.0,C,"Y","Y",2.0,C,"Y","Y",2.0,C,"Y","Y",2.0,C,"Y","Y",2.0,C,"Y","Y",2.0,C,"Y","Y",2.0,C,"Y","Y",2.0,C,"N","Y",1.0,P,"N","Y",1.0,P,"N","Y",1.0,P,"Y","Y",2.0,C,"Y","Y",2.0,C,"Y","Y",2.0,C,"Y","Y",2.0,C,"Y","Y",2.0,C,"Y","Y",2.0,C,"Y","Y",2.0,C,"Y","Y",2.0,C
"cpr practical 2020/2","",,,6230211001,,40.0,40.0,100.0,2021-04-01,2021-04-01 04:12:00,,"Y","Y",2.0,C,"Y","Y",2.0,C,"Y","Y",2.0,C,"Y","Y",2.0,C,"Y","Y",2.0,C,"Y","Y",2.0,C,"Y","Y",2.0,C,"Y","Y",2.0,C,"Y","Y",2.0,C,"Y","Y",2.0,C,"Y","Y",2.0,C,"Y","Y",2.0,C,"Y","Y",2.0,C,"Y","Y",2.0,C,"Y","Y",2.0,C,"Y","Y",2.0,C,"Y","Y",2.0,C,"Y","Y",2.0,C,"Y","Y",2.0,C,"Y","Y",2.0,C
"cpr practical 2020/2","",,,6230213002,,37.0,40.0,92.5,2021-04-01,2021-04-01 04:12:00,,"Y","Y",2.0,C,"Y","Y",2.0,C,"Y","Y",2.0,C,"Y","Y",2.0,C,"Y","Y",2.0,C,"Y","Y",2.0,C,"Y","Y",2.0,C,"Y","Y",2.0,C,"Y","Y",2.0,C,"N","Y",1.0,P,"N","Y",1.0,P,"Y","Y",2.0,C,"Y","Y",2.0,C,"Y","Y",2.0,C,"Y","Y",2.0,C,"Y","Y",2.0,C,"Y","Y",2.0,C,"N","Y",1.0,P,"Y","Y",2.0,C,"Y","Y",2.0,C
"cpr practical 2020/2","",,,6230211002,,38.0,40.0,95.0,2021-04-01,2021-04-01 04:12:00,,"Y","Y",2.0,C,"Y","Y",2.0,C,"Y","Y",2.0,C,"Y","Y",2.0,C,"Y","Y",2.0,C,"Y","Y",2.0,C,"Y","Y",2.0,C,"Y","Y",2.0,C,"Y","Y",2.0,C,"N","Y",1.0,P,"N","Y",1.0,P,"Y","Y",2.0,C,"Y","Y",2.0,C,"Y","Y",2.0,C,"Y","Y",2.0,C,"Y","Y",2.0,C,"Y","Y",2.0,C,"Y","Y",2.0,C,"Y","Y",2.0,C,"Y","Y",2.0,C
"cpr practical 2020/2","",,,6230311006,,39.0,40.0,97.5,2021-04-01,2021-04-01 04:12:00,,"Y","Y",2.0,C,"Y","Y",2.0,C,"Y","Y",2.0,C,"Y","Y",2.0,C,"Y","Y",2.0,C,"Y","Y",2.0,C,"Y","Y",2.0,C,"Y","Y",2.0,C,"Y","Y",2.0,C,"Y","Y",2.0,C,"Y","Y",2.0,C,"Y","Y",2.0,C,"Y","Y",2.0,C,"Y","Y",2.0,C,"Y","Y",2.0,C,"Y","Y",2.0,C,"Y","Y",2.0,C,"N","Y",1.0,P,"Y","Y",2.0,C,"Y","Y",2.0,C
"cpr practical 2020/2","",,,6230213029,,39.0,40.0,97.5,2021-04-01,2021-04-01 04:12:00,,"Y","Y",2.0,C,"Y","Y",2.0,C,"Y","Y",2.0,C,"Y","Y",2.0,C,"Y","Y",2.0,C,"Y","Y",2.0,C,"Y","Y",2.0,C,"Y","Y",2.0,C,"Y","Y",2.0,C,"Y","Y",2.0,C,"Y","Y",2.0,C,"Y","Y",2.0,C,"Y","Y",2.0,C,"Y","Y",2.0,C,"Y","Y",2.0,C,"Y","Y",2.0,C,"N","Y",1.0,P,"Y","Y",2.0,C,"Y","Y",2.0,C,"Y","Y",2.0,C
"cpr practical 2020/2","",,,6230213031,,39.0,40.0,97.5,2021-04-01,2021-04-01 04:12:00,,"Y","Y",2.0,C,"Y","Y",2.0,C,"Y","Y",2.0,C,"Y","Y",2.0,C,"Y","Y",2.0,C,"Y","Y",2.0,C,"Y","Y",2.0,C,"Y","Y",2.0,C,"Y","Y",2.0,C,"Y","Y",2.0,C,"Y","Y",2.0,C,"Y","Y",2.0,C,"Y","Y",2.0,C,"Y","Y",2.0,C,"Y","Y",2.0,C,"Y","Y",2.0,C,"Y","Y",2.0,C,"N","Y",1.0,P,"Y","Y",2.0,C,"Y","Y",2.0,C
"cpr practical 2020/2","",,,6230212002,,40.0,40.0,100.0,2021-04-01,2021-04-01 04:12:00,,"Y","Y",2.0,C,"Y","Y",2.0,C,"Y","Y",2.0,C,"Y","Y",2.0,C,"Y","Y",2.0,C,"Y","Y",2.0,C,"Y","Y",2.0,C,"Y","Y",2.0,C,"Y","Y",2.0,C,"Y","Y",2.0,C,"Y","Y",2.0,C,"Y","Y",2.0,C,"Y","Y",2.0,C,"Y","Y",2.0,C,"Y","Y",2.0,C,"Y","Y",2.0,C,"Y","Y",2.0,C,"Y","Y",2.0,C,"Y","Y",2.0,C,"Y","Y",2.0,C
"cpr practical 2020/2","",,,6230211009,,40.0,40.0,100.0,2021-04-01,2021-04-01 04:12:00,,"Y","Y",2.0,C,"Y","Y",2.0,C,"Y","Y",2.0,C,"Y","Y",2.0,C,"Y","Y",2.0,C,"Y","Y",2.0,C,"Y","Y",2.0,C,"Y","Y",2.0,C,"Y","Y",2.0,C,"Y","Y",2.0,C,"Y","Y",2.0,C,"Y","Y",2.0,C,"Y","Y",2.0,C,"Y","Y",2.0,C,"Y","Y",2.0,C,"Y","Y",2.0,C,"Y","Y",2.0,C,"Y","Y",2.0,C,"Y","Y",2.0,C,"Y","Y",2.0,C
"cpr practical 2020/2","",,,6230213011,,40.0,40.0,100.0,2021-04-01,2021-04-01 04:12:00,,"Y","Y",2.0,C,"Y","Y",2.0,C,"Y","Y",2.0,C,"Y","Y",2.0,C,"Y","Y",2.0,C,"Y","Y",2.0,C,"Y","Y",2.0,C,"Y","Y",2.0,C,"Y","Y",2.0,C,"Y","Y",2.0,C,"Y","Y",2.0,C,"Y","Y",2.0,C,"Y","Y",2.0,C,"Y","Y",2.0,C,"Y","Y",2.0,C,"Y","Y",2.0,C,"Y","Y",2.0,C,"Y","Y",2.0,C,"Y","Y",2.0,C,"Y","Y",2.0,C
"cpr practical 2020/2","",,,6230213021,,39.0,40.0,97.5,2021-04-01,2021-04-01 04:12:00,,"Y","Y",2.0,C,"Y","Y",2.0,C,"Y","Y",2.0,C,"Y","Y",2.0,C,"Y","Y",2.0,C,"Y","Y",2.0,C,"Y","Y",2.0,C,"Y","Y",2.0,C,"Y","Y",2.0,C,"Y","Y",2.0,C,"N","Y",1.0,P,"Y","Y",2.0,C,"Y","Y",2.0,C,"Y","Y",2.0,C,"Y","Y",2.0,C,"Y","Y",2.0,C,"Y","Y",2.0,C,"Y","Y",2.0,C,"Y","Y",2.0,C,"Y","Y",2.0,C
"cpr practical 2020/2","",,,6230213005,,40.0,40.0,100.0,2021-04-01,2021-04-01 04:12:00,,"Y","Y",2.0,C,"Y","Y",2.0,C,"Y","Y",2.0,C,"Y","Y",2.0,C,"Y","Y",2.0,C,"Y","Y",2.0,C,"Y","Y",2.0,C,"Y","Y",2.0,C,"Y","Y",2.0,C,"Y","Y",2.0,C,"Y","Y",2.0,C,"Y","Y",2.0,C,"Y","Y",2.0,C,"Y","Y",2.0,C,"Y","Y",2.0,C,"Y","Y",2.0,C,"Y","Y",2.0,C,"Y","Y",2.0,C,"Y","Y",2.0,C,"Y","Y",2.0,C
"cpr practical 2020/2","",,,6230311082,,40.0,40.0,100.0,2021-04-01,2021-04-01 04:12:00,,"Y","Y",2.0,C,"Y","Y",2.0,C,"Y","Y",2.0,C,"Y","Y",2.0,C,"Y","Y",2.0,C,"Y","Y",2.0,C,"Y","Y",2.0,C,"Y","Y",2.0,C,"Y","Y",2.0,C,"Y","Y",2.0,C,"Y","Y",2.0,C,"Y","Y",2.0,C,"Y","Y",2.0,C,"Y","Y",2.0,C,"Y","Y",2.0,C,"Y","Y",2.0,C,"Y","Y",2.0,C,"Y","Y",2.0,C,"Y","Y",2.0,C,"Y","Y",2.0,C
"cpr practical 2020/2","",,,6330112038,,40.0,40.0,100.0,2021-04-01,2021-04-01 04:12:00,,"Y","Y",2.0,C,"Y","Y",2.0,C,"Y","Y",2.0,C,"Y","Y",2.0,C,"Y","Y",2.0,C,"Y","Y",2.0,C,"Y","Y",2.0,C,"Y","Y",2.0,C,"Y","Y",2.0,C,"Y","Y",2.0,C,"Y","Y",2.0,C,"Y","Y",2.0,C,"Y","Y",2.0,C,"Y","Y",2.0,C,"Y","Y",2.0,C,"Y","Y",2.0,C,"Y","Y",2.0,C,"Y","Y",2.0,C,"Y","Y",2.0,C,"Y","Y",2.0,C
"cpr practical 2020/2","",,,6330112020,,40.0,40.0,100.0,2021-04-01,2021-04-01 04:12:00,,"Y","Y",2.0,C,"Y","Y",2.0,C,"Y","Y",2.0,C,"Y","Y",2.0,C,"Y","Y",2.0,C,"Y","Y",2.0,C,"Y","Y",2.0,C,"Y","Y",2.0,C,"Y","Y",2.0,C,"Y","Y",2.0,C,"Y","Y",2.0,C,"Y","Y",2.0,C,"Y","Y",2.0,C,"Y","Y",2.0,C,"Y","Y",2.0,C,"Y","Y",2.0,C,"Y","Y",2.0,C,"Y","Y",2.0,C,"Y","Y",2.0,C,"Y","Y",2.0,C
"cpr practical 2020/2","",,,6330311020,,40.0,40.0,100.0,2021-04-01,2021-04-01 04:12:00,,"Y","Y",2.0,C,"Y","Y",2.0,C,"Y","Y",2.0,C,"Y","Y",2.0,C,"Y","Y",2.0,C,"Y","Y",2.0,C,"Y","Y",2.0,C,"Y","Y",2.0,C,"Y","Y",2.0,C,"Y","Y",2.0,C,"Y","Y",2.0,C,"Y","Y",2.0,C,"Y","Y",2.0,C,"Y","Y",2.0,C,"Y","Y",2.0,C,"Y","Y",2.0,C,"Y","Y",2.0,C,"Y","Y",2.0,C,"Y","Y",2.0,C,"Y","Y",2.0,C
"cpr practical 2020/2","",,,6330311053,,40.0,40.0,100.0,2021-04-01,2021-04-01 04:12:00,,"Y","Y",2.0,C,"Y","Y",2.0,C,"Y","Y",2.0,C,"Y","Y",2.0,C,"Y","Y",2.0,C,"Y","Y",2.0,C,"Y","Y",2.0,C,"Y","Y",2.0,C,"Y","Y",2.0,C,"Y","Y",2.0,C,"Y","Y",2.0,C,"Y","Y",2.0,C,"Y","Y",2.0,C,"Y","Y",2.0,C,"Y","Y",2.0,C,"Y","Y",2.0,C,"Y","Y",2.0,C,"Y","Y",2.0,C,"Y","Y",2.0,C,"Y","Y",2.0,C
"cpr practical 2020/2","",,,6330311003,,40.0,40.0,100.0,2021-04-01,2021-04-01 04:12:00,,"Y","Y",2.0,C,"Y","Y",2.0,C,"Y","Y",2.0,C,"Y","Y",2.0,C,"Y","Y",2.0,C,"Y","Y",2.0,C,"Y","Y",2.0,C,"Y","Y",2.0,C,"Y","Y",2.0,C,"Y","Y",2.0,C,"Y","Y",2.0,C,"Y","Y",2.0,C,"Y","Y",2.0,C,"Y","Y",2.0,C,"Y","Y",2.0,C,"Y","Y",2.0,C,"Y","Y",2.0,C,"Y","Y",2.0,C,"Y","Y",2.0,C,"Y","Y",2.0,C
"cpr practical 2020/2","",,,6330311059,,40.0,40.0,100.0,2021-04-01,2021-04-01 04:12:00,,"Y","Y",2.0,C,"Y","Y",2.0,C,"Y","Y",2.0,C,"Y","Y",2.0,C,"Y","Y",2.0,C,"Y","Y",2.0,C,"Y","Y",2.0,C,"Y","Y",2.0,C,"Y","Y",2.0,C,"Y","Y",2.0,C,"Y","Y",2.0,C,"Y","Y",2.0,C,"Y","Y",2.0,C,"Y","Y",2.0,C,"Y","Y",2.0,C,"Y","Y",2.0,C,"Y","Y",2.0,C,"Y","Y",2.0,C,"Y","Y",2.0,C,"Y","Y",2.0,C
"cpr practical 2020/2","",,,6330311044,,40.0,40.0,100.0,2021-04-01,2021-04-01 04:12:00,,"Y","Y",2.0,C,"Y","Y",2.0,C,"Y","Y",2.0,C,"Y","Y",2.0,C,"Y","Y",2.0,C,"Y","Y",2.0,C,"Y","Y",2.0,C,"Y","Y",2.0,C,"Y","Y",2.0,C,"Y","Y",2.0,C,"Y","Y",2.0,C,"Y","Y",2.0,C,"Y","Y",2.0,C,"Y","Y",2.0,C,"Y","Y",2.0,C,"Y","Y",2.0,C,"Y","Y",2.0,C,"Y","Y",2.0,C,"Y","Y",2.0,C,"Y","Y",2.0,C
"cpr practical 2020/2","",,,6330311052,,40.0,40.0,100.0,2021-04-01,2021-04-01 04:12:00,,"Y","Y",2.0,C,"Y","Y",2.0,C,"Y","Y",2.0,C,"Y","Y",2.0,C,"Y","Y",2.0,C,"Y","Y",2.0,C,"Y","Y",2.0,C,"Y","Y",2.0,C,"Y","Y",2.0,C,"Y","Y",2.0,C,"Y","Y",2.0,C,"Y","Y",2.0,C,"Y","Y",2.0,C,"Y","Y",2.0,C,"Y","Y",2.0,C,"Y","Y",2.0,C,"Y","Y",2.0,C,"Y","Y",2.0,C,"Y","Y",2.0,C,"Y","Y",2.0,C
"cpr practical 2020/2","",,,6330112018,,40.0,40.0,100.0,2021-04-01,2021-04-01 04:12:00,,"Y","Y",2.0,C,"Y","Y",2.0,C,"Y","Y",2.0,C,"Y","Y",2.0,C,"Y","Y",2.0,C,"Y","Y",2.0,C,"Y","Y",2.0,C,"Y","Y",2.0,C,"Y","Y",2.0,C,"Y","Y",2.0,C,"Y","Y",2.0,C,"Y","Y",2.0,C,"Y","Y",2.0,C,"Y","Y",2.0,C,"Y","Y",2.0,C,"Y","Y",2.0,C,"Y","Y",2.0,C,"Y","Y",2.0,C,"Y","Y",2.0,C,"Y","Y",2.0,C
"cpr practical 2020/2","",,,6330112101,,40.0,40.0,100.0,2021-04-01,2021-04-01 04:12:00,,"Y","Y",2.0,C,"Y","Y",2.0,C,"Y","Y",2.0,C,"Y","Y",2.0,C,"Y","Y",2.0,C,"Y","Y",2.0,C,"Y","Y",2.0,C,"Y","Y",2.0,C,"Y","Y",2.0,C,"Y","Y",2.0,C,"Y","Y",2.0,C,"Y","Y",2.0,C,"Y","Y",2.0,C,"Y","Y",2.0,C,"Y","Y",2.0,C,"Y","Y",2.0,C,"Y","Y",2.0,C,"Y","Y",2.0,C,"Y","Y",2.0,C,"Y","Y",2.0,C
"cpr practical 2020/2","",,,6330112082,,40.0,40.0,100.0,2021-04-01,2021-04-01 04:12:00,,"Y","Y",2.0,C,"Y","Y",2.0,C,"Y","Y",2.0,C,"Y","Y",2.0,C,"Y","Y",2.0,C,"Y","Y",2.0,C,"Y","Y",2.0,C,"Y","Y",2.0,C,"Y","Y",2.0,C,"Y","Y",2.0,C,"Y","Y",2.0,C,"Y","Y",2.0,C,"Y","Y",2.0,C,"Y","Y",2.0,C,"Y","Y",2.0,C,"Y","Y",2.0,C,"Y","Y",2.0,C,"Y","Y",2.0,C,"Y","Y",2.0,C,"Y","Y",2.0,C
"cpr practical 2020/2","",,,6330311006,,40.0,40.0,100.0,2021-04-01,2021-04-01 04:12:00,,"Y","Y",2.0,C,"Y","Y",2.0,C,"Y","Y",2.0,C,"Y","Y",2.0,C,"Y","Y",2.0,C,"Y","Y",2.0,C,"Y","Y",2.0,C,"Y","Y",2.0,C,"Y","Y",2.0,C,"Y","Y",2.0,C,"Y","Y",2.0,C,"Y","Y",2.0,C,"Y","Y",2.0,C,"Y","Y",2.0,C,"Y","Y",2.0,C,"Y","Y",2.0,C,"Y","Y",2.0,C,"Y","Y",2.0,C,"Y","Y",2.0,C,"Y","Y",2.0,C
"cpr practical 2020/2","",,,6330311054,,40.0,40.0,100.0,2021-04-01,2021-04-01 04:12:00,,"Y","Y",2.0,C,"Y","Y",2.0,C,"Y","Y",2.0,C,"Y","Y",2.0,C,"Y","Y",2.0,C,"Y","Y",2.0,C,"Y","Y",2.0,C,"Y","Y",2.0,C,"Y","Y",2.0,C,"Y","Y",2.0,C,"Y","Y",2.0,C,"Y","Y",2.0,C,"Y","Y",2.0,C,"Y","Y",2.0,C,"Y","Y",2.0,C,"Y","Y",2.0,C,"Y","Y",2.0,C,"Y","Y",2.0,C,"Y","Y",2.0,C,"Y","Y",2.0,C
"cpr practical 2020/2","",,,6330311029,,40.0,40.0,100.0,2021-04-01,2021-04-01 04:12:00,,"Y","Y",2.0,C,"Y","Y",2.0,C,"Y","Y",2.0,C,"Y","Y",2.0,C,"Y","Y",2.0,C,"Y","Y",2.0,C,"Y","Y",2.0,C,"Y","Y",2.0,C,"Y","Y",2.0,C,"Y","Y",2.0,C,"Y","Y",2.0,C,"Y","Y",2.0,C,"Y","Y",2.0,C,"Y","Y",2.0,C,"Y","Y",2.0,C,"Y","Y",2.0,C,"Y","Y",2.0,C,"Y","Y",2.0,C,"Y","Y",2.0,C,"Y","Y",2.0,C
"cpr practical 2020/2","",,,6330311031,,39.0,40.0,97.5,2021-04-01,2021-04-01 04:12:00,,"Y","Y",2.0,C,"Y","Y",2.0,C,"Y","Y",2.0,C,"Y","Y",2.0,C,"Y","Y",2.0,C,"Y","Y",2.0,C,"Y","Y",2.0,C,"Y","Y",2.0,C,"Y","Y",2.0,C,"Y","Y",2.0,C,"N","Y",1.0,P,"Y","Y",2.0,C,"Y","Y",2.0,C,"Y","Y",2.0,C,"Y","Y",2.0,C,"Y","Y",2.0,C,"Y","Y",2.0,C,"Y","Y",2.0,C,"Y","Y",2.0,C,"Y","Y",2.0,C
"cpr practical 2020/2","",,,6330311013,,39.0,40.0,97.5,2021-04-01,2021-04-01 04:12:00,,"Y","Y",2.0,C,"Y","Y",2.0,C,"Y","Y",2.0,C,"Y","Y",2.0,C,"Y","Y",2.0,C,"Y","Y",2.0,C,"Y","Y",2.0,C,"Y","Y",2.0,C,"Y","Y",2.0,C,"Y","Y",2.0,C,"N","Y",1.0,P,"Y","Y",2.0,C,"Y","Y",2.0,C,"Y","Y",2.0,C,"Y","Y",2.0,C,"Y","Y",2.0,C,"Y","Y",2.0,C,"Y","Y",2.0,C,"Y","Y",2.0,C,"Y","Y",2.0,C
"cpr practical 2020/2","",,,6330311032,,39.0,40.0,97.5,2021-04-01,2021-04-01 04:12:00,,"Y","Y",2.0,C,"Y","Y",2.0,C,"Y","Y",2.0,C,"Y","Y",2.0,C,"Y","Y",2.0,C,"Y","Y",2.0,C,"Y","Y",2.0,C,"N","Y",1.0,P,"Y","Y",2.0,C,"Y","Y",2.0,C,"Y","Y",2.0,C,"Y","Y",2.0,C,"Y","Y",2.0,C,"Y","Y",2.0,C,"Y","Y",2.0,C,"Y","Y",2.0,C,"Y","Y",2.0,C,"Y","Y",2.0,C,"Y","Y",2.0,C,"Y","Y",2.0,C
"cpr practical 2020/2","",,,6330311036,,40.0,40.0,100.0,2021-04-01,2021-04-01 04:12:00,,"Y","Y",2.0,C,"Y","Y",2.0,C,"Y","Y",2.0,C,"Y","Y",2.0,C,"Y","Y",2.0,C,"Y","Y",2.0,C,"Y","Y",2.0,C,"Y","Y",2.0,C,"Y","Y",2.0,C,"Y","Y",2.0,C,"Y","Y",2.0,C,"Y","Y",2.0,C,"Y","Y",2.0,C,"Y","Y",2.0,C,"Y","Y",2.0,C,"Y","Y",2.0,C,"Y","Y",2.0,C,"Y","Y",2.0,C,"Y","Y",2.0,C,"Y","Y",2.0,C
"cpr practical 2020/2","",,,6330311039,,40.0,40.0,100.0,2021-04-01,2021-04-01 04:12:00,,"Y","Y",2.0,C,"Y","Y",2.0,C,"Y","Y",2.0,C,"Y","Y",2.0,C,"Y","Y",2.0,C,"Y","Y",2.0,C,"Y","Y",2.0,C,"Y","Y",2.0,C,"Y","Y",2.0,C,"Y","Y",2.0,C,"Y","Y",2.0,C,"Y","Y",2.0,C,"Y","Y",2.0,C,"Y","Y",2.0,C,"Y","Y",2.0,C,"Y","Y",2.0,C,"Y","Y",2.0,C,"Y","Y",2.0,C,"Y","Y",2.0,C,"Y","Y",2.0,C
"cpr practical 2020/2","",,,6330311028,,40.0,40.0,100.0,2021-04-01,2021-04-01 04:12:00,,"Y","Y",2.0,C,"Y","Y",2.0,C,"Y","Y",2.0,C,"Y","Y",2.0,C,"Y","Y",2.0,C,"Y","Y",2.0,C,"Y","Y",2.0,C,"Y","Y",2.0,C,"Y","Y",2.0,C,"Y","Y",2.0,C,"Y","Y",2.0,C,"Y","Y",2.0,C,"Y","Y",2.0,C,"Y","Y",2.0,C,"Y","Y",2.0,C,"Y","Y",2.0,C,"Y","Y",2.0,C,"Y","Y",2.0,C,"Y","Y",2.0,C,"Y","Y",2.0,C
"cpr practical 2020/2","",,,6330311045,,40.0,40.0,100.0,2021-04-01,2021-04-01 04:12:00,,"Y","Y",2.0,C,"Y","Y",2.0,C,"Y","Y",2.0,C,"Y","Y",2.0,C,"Y","Y",2.0,C,"Y","Y",2.0,C,"Y","Y",2.0,C,"Y","Y",2.0,C,"Y","Y",2.0,C,"Y","Y",2.0,C,"Y","Y",2.0,C,"Y","Y",2.0,C,"Y","Y",2.0,C,"Y","Y",2.0,C,"Y","Y",2.0,C,"Y","Y",2.0,C,"Y","Y",2.0,C,"Y","Y",2.0,C,"Y","Y",2.0,C,"Y","Y",2.0,C
"cpr practical 2020/2","",,,6330311018,,40.0,40.0,100.0,2021-04-01,2021-04-01 04:12:00,,"Y","Y",2.0,C,"Y","Y",2.0,C,"Y","Y",2.0,C,"Y","Y",2.0,C,"Y","Y",2.0,C,"Y","Y",2.0,C,"Y","Y",2.0,C,"Y","Y",2.0,C,"Y","Y",2.0,C,"Y","Y",2.0,C,"Y","Y",2.0,C,"Y","Y",2.0,C,"Y","Y",2.0,C,"Y","Y",2.0,C,"Y","Y",2.0,C,"Y","Y",2.0,C,"Y","Y",2.0,C,"Y","Y",2.0,C,"Y","Y",2.0,C,"Y","Y",2.0,C
"cpr practical 2020/2","",,,6330311051,,40.0,40.0,100.0,2021-04-01,2021-04-01 04:12:00,,"Y","Y",2.0,C,"Y","Y",2.0,C,"Y","Y",2.0,C,"Y","Y",2.0,C,"Y","Y",2.0,C,"Y","Y",2.0,C,"Y","Y",2.0,C,"Y","Y",2.0,C,"Y","Y",2.0,C,"Y","Y",2.0,C,"Y","Y",2.0,C,"Y","Y",2.0,C,"Y","Y",2.0,C,"Y","Y",2.0,C,"Y","Y",2.0,C,"Y","Y",2.0,C,"Y","Y",2.0,C,"Y","Y",2.0,C,"Y","Y",2.0,C,"Y","Y",2.0,C
"cpr practical 2020/2","",,,6330311060,,40.0,40.0,100.0,2021-04-01,2021-04-01 04:12:00,,"Y","Y",2.0,C,"Y","Y",2.0,C,"Y","Y",2.0,C,"Y","Y",2.0,C,"Y","Y",2.0,C,"Y","Y",2.0,C,"Y","Y",2.0,C,"Y","Y",2.0,C,"Y","Y",2.0,C,"Y","Y",2.0,C,"Y","Y",2.0,C,"Y","Y",2.0,C,"Y","Y",2.0,C,"Y","Y",2.0,C,"Y","Y",2.0,C,"Y","Y",2.0,C,"Y","Y",2.0,C,"Y","Y",2.0,C,"Y","Y",2.0,C,"Y","Y",2.0,C
"cpr practical 2020/2","",,,6330311040,,36.0,40.0,90.0,2021-04-01,2021-04-01 04:12:00,,"N","Y",1.0,P,"Y","Y",2.0,C,"N","Y",1.0,P,"Y","Y",2.0,C,"Y","Y",2.0,C,"Y","Y",2.0,C,"Y","Y",2.0,C,"Y","Y",2.0,C,"Y","Y",2.0,C,"Y","Y",2.0,C,"Y","Y",2.0,C,"Y","Y",2.0,C,"Y","Y",2.0,C,"Y","Y",2.0,C,"N","Y",1.0,P,"Y","Y",2.0,C,"Y","Y",2.0,C,"Y","Y",2.0,C,"Y","Y",2.0,C,"N","Y",1.0,P
"cpr practical 2020/2","",,,6330311057,,36.0,40.0,90.0,2021-04-01,2021-04-01 04:12:00,,"N","Y",1.0,P,"Y","Y",2.0,C,"N","Y",1.0,P,"Y","Y",2.0,C,"Y","Y",2.0,C,"Y","Y",2.0,C,"Y","Y",2.0,C,"Y","Y",2.0,C,"Y","Y",2.0,C,"Y","Y",2.0,C,"Y","Y",2.0,C,"Y","Y",2.0,C,"Y","Y",2.0,C,"Y","Y",2.0,C,"N","Y",1.0,P,"Y","Y",2.0,C,"Y","Y",2.0,C,"Y","Y",2.0,C,"Y","Y",2.0,C,"N","Y",1.0,P
"cpr practical 2020/2","",,,6330311035,,33.0,40.0,82.5,2021-04-01,2021-04-01 04:12:00,,"N","Y",1.0,P,"Y","Y",2.0,C,"N","Y",1.0,P,"Y","Y",2.0,C,"Y","Y",2.0,C,"Y","Y",2.0,C,"Y","Y",2.0,C,"N","Y",1.0,P,"Y","Y",2.0,C,"Y","Y",2.0,C,"N","Y",1.0,P,"Y","Y",2.0,C,"Y","Y",2.0,C,"N","Y",1.0,P,"N","Y",1.0,P,"Y","Y",2.0,C,"Y","Y",2.0,C,"Y","Y",2.0,C,"Y","Y",2.0,C,"N","Y",1.0,P
"cpr practical 2020/2","",,,6330311065,,38.0,40.0,95.0,2021-04-01,2021-04-01 04:12:00,,"Y","Y",2.0,C,"Y","Y",2.0,C,"Y","Y",2.0,C,"Y","Y",2.0,C,"Y","Y",2.0,C,"Y","Y",2.0,C,"Y","Y",2.0,C,"N","Y",1.0,P,"Y","Y",2.0,C,"Y","Y",2.0,C,"Y","Y",2.0,C,"Y","Y",2.0,C,"Y","Y",2.0,C,"Y","Y",2.0,C,"N","Y",1.0,P,"Y","Y",2.0,C,"Y","Y",2.0,C,"Y","Y",2.0,C,"Y","Y",2.0,C,"Y","Y",2.0,C
"cpr practical 2020/2","",,,6230213019,,39.0,40.0,97.5,2021-04-01,2021-04-01 04:12:00,,"Y","Y",2.0,C,"Y","Y",2.0,C,"Y","Y",2.0,C,"Y","Y",2.0,C,"Y","Y",2.0,C,"Y","Y",2.0,C,"Y","Y",2.0,C,"Y","Y",2.0,C,"Y","Y",2.0,C,"Y","Y",2.0,C,"Y","Y",2.0,C,"Y","Y",2.0,C,"Y","Y",2.0,C,"Y","Y",2.0,C,"N","Y",1.0,P,"Y","Y",2.0,C,"Y","Y",2.0,C,"Y","Y",2.0,C,"Y","Y",2.0,C,"Y","Y",2.0,C
"cpr practical 2020/2","",,,6330311023,,39.0,40.0,97.5,2021-04-01,2021-04-01 04:12:00,,"Y","Y",2.0,C,"Y","Y",2.0,C,"Y","Y",2.0,C,"Y","Y",2.0,C,"Y","Y",2.0,C,"Y","Y",2.0,C,"Y","Y",2.0,C,"Y","Y",2.0,C,"Y","Y",2.0,C,"Y","Y",2.0,C,"Y","Y",2.0,C,"Y","Y",2.0,C,"Y","Y",2.0,C,"Y","Y",2.0,C,"N","Y",1.0,P,"Y","Y",2.0,C,"Y","Y",2.0,C,"Y","Y",2.0,C,"Y","Y",2.0,C,"Y","Y",2.0,C
"cpr practical 2020/2","",,,6330311022,,33.0,40.0,82.5,2021-04-01,2021-04-01 04:12:00,,"0","Y",0.0,X,"Y","Y",2.0,C,"Y","Y",2.0,C,"Y","Y",2.0,C,"Y","Y",2.0,C,"Y","Y",2.0,C,"Y","Y",2.0,C,"Y","Y",2.0,C,"Y","Y",2.0,C,"Y","Y",2.0,C,"N","Y",1.0,P,"N","Y",1.0,P,"Y","Y",2.0,C,"Y","Y",2.0,C,"N","Y",1.0,P,"Y","Y",2.0,C,"Y","Y",2.0,C,"Y","Y",2.0,C,"0","Y",0.0,X,"Y","Y",2.0,C
"cpr practical 2020/2","",,,6330311001,,34.0,40.0,85.0,2021-04-01,2021-04-01 04:12:00,,"0","Y",0.0,X,"Y","Y",2.0,C,"Y","Y",2.0,C,"Y","Y",2.0,C,"Y","Y",2.0,C,"Y","Y",2.0,C,"Y","Y",2.0,C,"Y","Y",2.0,C,"Y","Y",2.0,C,"Y","Y",2.0,C,"Y","Y",2.0,C,"Y","Y",2.0,C,"Y","Y",2.0,C,"Y","Y",2.0,C,"N","Y",1.0,P,"Y","Y",2.0,C,"Y","Y",2.0,C,"N","Y",1.0,P,"0","Y",0.0,X,"Y","Y",2.0,C
"cpr practical 2020/2","",,,6330311034,,35.0,40.0,87.5,2021-04-01,2021-04-01 04:12:00,,"0","Y",0.0,X,"Y","Y",2.0,C,"Y","Y",2.0,C,"Y","Y",2.0,C,"Y","Y",2.0,C,"Y","Y",2.0,C,"Y","Y",2.0,C,"Y","Y",2.0,C,"Y","Y",2.0,C,"Y","Y",2.0,C,"Y","Y",2.0,C,"Y","Y",2.0,C,"Y","Y",2.0,C,"Y","Y",2.0,C,"N","Y",1.0,P,"Y","Y",2.0,C,"Y","Y",2.0,C,"Y","Y",2.0,C,"0","Y",0.0,X,"Y","Y",2.0,C
"cpr practical 2020/2","",,,6330311049,,35.0,40.0,87.5,2021-04-01,2021-04-01 04:12:00,,"0","Y",0.0,X,"Y","Y",2.0,C,"Y","Y",2.0,C,"Y","Y",2.0,C,"Y","Y",2.0,C,"Y","Y",2.0,C,"Y","Y",2.0,C,"N","Y",1.0,P,"Y","Y",2.0,C,"Y","Y",2.0,C,"Y","Y",2.0,C,"N","Y",1.0,P,"Y","Y",2.0,C,"Y","Y",2.0,C,"N","Y",1.0,P,"Y","Y",2.0,C,"Y","Y",2.0,C,"Y","Y",2.0,C,"Y","Y",2.0,C,"Y","Y",2.0,C
"cpr practical 2020/2","",,,6330311026,,37.0,40.0,92.5,2021-04-01,2021-04-01 04:12:00,,"0","Y",0.0,X,"Y","Y",2.0,C,"Y","Y",2.0,C,"Y","Y",2.0,C,"Y","Y",2.0,C,"Y","Y",2.0,C,"Y","Y",2.0,C,"Y","Y",2.0,C,"Y","Y",2.0,C,"Y","Y",2.0,C,"Y","Y",2.0,C,"Y","Y",2.0,C,"Y","Y",2.0,C,"Y","Y",2.0,C,"N","Y",1.0,P,"Y","Y",2.0,C,"Y","Y",2.0,C,"Y","Y",2.0,C,"Y","Y",2.0,C,"Y","Y",2.0,C
"cpr practical 2020/2","",,,6330311009,,37.0,40.0,92.5,2021-04-01,2021-04-01 04:12:00,,"0","Y",0.0,X,"Y","Y",2.0,C,"Y","Y",2.0,C,"Y","Y",2.0,C,"Y","Y",2.0,C,"Y","Y",2.0,C,"Y","Y",2.0,C,"Y","Y",2.0,C,"Y","Y",2.0,C,"Y","Y",2.0,C,"Y","Y",2.0,C,"Y","Y",2.0,C,"Y","Y",2.0,C,"Y","Y",2.0,C,"N","Y",1.0,P,"Y","Y",2.0,C,"Y","Y",2.0,C,"Y","Y",2.0,C,"Y","Y",2.0,C,"Y","Y",2.0,C
"cpr practical 2020/2","",,,6330311055,,35.0,40.0,87.5,2021-04-01,2021-04-01 04:12:00,,"0","Y",0.0,X,"Y","Y",2.0,C,"Y","Y",2.0,C,"Y","Y",2.0,C,"Y","Y",2.0,C,"Y","Y",2.0,C,"Y","Y",2.0,C,"Y","Y",2.0,C,"Y","Y",2.0,C,"Y","Y",2.0,C,"Y","Y",2.0,C,"N","Y",1.0,P,"Y","Y",2.0,C,"N","Y",1.0,P,"N","Y",1.0,P,"Y","Y",2.0,C,"Y","Y",2.0,C,"Y","Y",2.0,C,"Y","Y",2.0,C,"Y","Y",2.0,C
"cpr practical 2020/2","",,,6330311019,,32.0,40.0,80.0,2021-04-01,2021-04-01 04:12:00,,"0","Y",0.0,X,"Y","Y",2.0,C,"Y","Y",2.0,C,"Y","Y",2.0,C,"Y","Y",2.0,C,"Y","Y",2.0,C,"Y","Y",2.0,C,"N","Y",1.0,P,"Y","Y",2.0,C,"Y","Y",2.0,C,"Y","Y",2.0,C,"0","Y",0.0,X,"Y","Y",2.0,C,"N","Y",1.0,P,"N","Y",1.0,P,"Y","Y",2.0,C,"Y","Y",2.0,C,"N","Y",1.0,P,"Y","Y",2.0,C,"Y","Y",2.0,C
"cpr practical 2020/2","",,,6330311010,,35.0,40.0,87.5,2021-04-01,2021-04-01 04:12:00,,"0","Y",0.0,X,"Y","Y",2.0,C,"Y","Y",2.0,C,"Y","Y",2.0,C,"Y","Y",2.0,C,"Y","Y",2.0,C,"Y","Y",2.0,C,"Y","Y",2.0,C,"Y","Y",2.0,C,"Y","Y",2.0,C,"Y","Y",2.0,C,"Y","Y",2.0,C,"Y","Y",2.0,C,"N","Y",1.0,P,"N","Y",1.0,P,"Y","Y",2.0,C,"Y","Y",2.0,C,"N","Y",1.0,P,"Y","Y",2.0,C,"Y","Y",2.0,C
"cpr practical 2020/2","",,,6330311008,,37.0,40.0,92.5,2021-04-01,2021-04-01 04:12:00,,"N","Y",1.0,P,"Y","Y",2.0,C,"Y","Y",2.0,C,"Y","Y",2.0,C,"Y","Y",2.0,C,"Y","Y",2.0,C,"Y","Y",2.0,C,"Y","Y",2.0,C,"Y","Y",2.0,C,"Y","Y",2.0,C,"N","Y",1.0,P,"Y","Y",2.0,C,"Y","Y",2.0,C,"Y","Y",2.0,C,"N","Y",1.0,P,"Y","Y",2.0,C,"Y","Y",2.0,C,"Y","Y",2.0,C,"Y","Y",2.0,C,"Y","Y",2.0,C
"cpr practical 2020/2","",,,6330311012,,36.0,40.0,90.0,2021-04-01,2021-04-01 04:12:00,,"N","Y",1.0,P,"Y","Y",2.0,C,"Y","Y",2.0,C,"Y","Y",2.0,C,"Y","Y",2.0,C,"Y","Y",2.0,C,"Y","Y",2.0,C,"Y","Y",2.0,C,"Y","Y",2.0,C,"Y","Y",2.0,C,"Y","Y",2.0,C,"0","Y",0.0,X,"Y","Y",2.0,C,"Y","Y",2.0,C,"N","Y",1.0,P,"Y","Y",2.0,C,"Y","Y",2.0,C,"Y","Y",2.0,C,"Y","Y",2.0,C,"Y","Y",2.0,C
"cpr practical 2020/2","",,,6330311037,,34.0,40.0,85.0,2021-04-01,2021-04-01 04:12:00,,"N","Y",1.0,P,"Y","Y",2.0,C,"Y","Y",2.0,C,"Y","Y",2.0,C,"Y","Y",2.0,C,"Y","Y",2.0,C,"Y","Y",2.0,C,"Y","Y",2.0,C,"Y","Y",2.0,C,"Y","Y",2.0,C,"Y","Y",2.0,C,"0","Y",0.0,X,"Y","Y",2.0,C,"Y","Y",2.0,C,"N","Y",1.0,P,"Y","Y",2.0,C,"Y","Y",2.0,C,"Y","Y",2.0,C,"0","Y",0.0,X,"Y","Y",2.0,C
"cpr practical 2020/2","",,,6230212003,,38.0,40.0,95.0,2021-04-01,2021-04-01 04:12:00,,"N","Y",1.0,P,"Y","Y",2.0,C,"Y","Y",2.0,C,"Y","Y",2.0,C,"Y","Y",2.0,C,"Y","Y",2.0,C,"Y","Y",2.0,C,"Y","Y",2.0,C,"Y","Y",2.0,C,"Y","Y",2.0,C,"Y","Y",2.0,C,"Y","Y",2.0,C,"Y","Y",2.0,C,"Y","Y",2.0,C,"N","Y",1.0,P,"Y","Y",2.0,C,"Y","Y",2.0,C,"Y","Y",2.0,C,"Y","Y",2.0,C,"Y","Y",2.0,C
"cpr practical 2020/2","",,,6230213007,,35.0,40.0,87.5,2021-04-01,2021-04-01 04:12:00,,"N","Y",1.0,P,"Y","Y",2.0,C,"Y","Y",2.0,C,"Y","Y",2.0,C,"Y","Y",2.0,C,"Y","Y",2.0,C,"Y","Y",2.0,C,"Y","Y",2.0,C,"Y","Y",2.0,C,"Y","Y",2.0,C,"Y","Y",2.0,C,"0","Y",0.0,X,"Y","Y",2.0,C,"Y","Y",2.0,C,"N","Y",1.0,P,"Y","Y",2.0,C,"Y","Y",2.0,C,"Y","Y",2.0,C,"N","Y",1.0,P,"Y","Y",2.0,C
"cpr practical 2020/2","",,,6230213038,,34.0,40.0,85.0,2021-04-01,2021-04-01 04:12:00,,"N","Y",1.0,P,"Y","Y",2.0,C,"Y","Y",2.0,C,"Y","Y",2.0,C,"Y","Y",2.0,C,"Y","Y",2.0,C,"Y","Y",2.0,C,"Y","Y",2.0,C,"Y","Y",2.0,C,"Y","Y",2.0,C,"Y","Y",2.0,C,"0","Y",0.0,X,"Y","Y",2.0,C,"Y","Y",2.0,C,"N","Y",1.0,P,"Y","Y",2.0,C,"Y","Y",2.0,C,"Y","Y",2.0,C,"0","Y",0.0,X,"Y","Y",2.0,C
"cpr practical 2020/2","",,,6330311002,,35.0,40.0,87.5,2021-04-01,2021-04-01 04:12:00,,"N","Y",1.0,P,"Y","Y",2.0,C,"Y","Y",2.0,C,"Y","Y",2.0,C,"Y","Y",2.0,C,"Y","Y",2.0,C,"Y","Y",2.0,C,"Y","Y",2.0,C,"Y","Y",2.0,C,"Y","Y",2.0,C,"Y","Y",2.0,C,"0","Y",0.0,X,"Y","Y",2.0,C,"Y","Y",2.0,C,"N","Y",1.0,P,"Y","Y",2.0,C,"Y","Y",2.0,C,"N","Y",1.0,P,"Y","Y",2.0,C,"Y","Y",2.0,C
"cpr practical 2020/2","",,,6330311027,,35.0,40.0,87.5,2021-04-01,2021-04-01 04:12:00,,"N","Y",1.0,P,"Y","Y",2.0,C,"Y","Y",2.0,C,"Y","Y",2.0,C,"Y","Y",2.0,C,"Y","Y",2.0,C,"Y","Y",2.0,C,"Y","Y",2.0,C,"Y","Y",2.0,C,"Y","Y",2.0,C,"Y","Y",2.0,C,"0","Y",0.0,X,"Y","Y",2.0,C,"Y","Y",2.0,C,"N","Y",1.0,P,"Y","Y",2.0,C,"Y","Y",2.0,C,"N","Y",1.0,P,"Y","Y",2.0,C,"Y","Y",2.0,C
"cpr practical 2020/2","",,,6330311042,,37.0,40.0,92.5,2021-04-01,2021-04-01 04:12:00,,"N","Y",1.0,P,"Y","Y",2.0,C,"Y","Y",2.0,C,"Y","Y",2.0,C,"Y","Y",2.0,C,"Y","Y",2.0,C,"Y","Y",2.0,C,"Y","Y",2.0,C,"Y","Y",2.0,C,"Y","Y",2.0,C,"Y","Y",2.0,C,"Y","Y",2.0,C,"Y","Y",2.0,C,"Y","Y",2.0,C,"N","Y",1.0,P,"Y","Y",2.0,C,"Y","Y",2.0,C,"N","Y",1.0,P,"Y","Y",2.0,C,"Y","Y",2.0,C
"cpr practical 2020/2","",,,6330112045,,39.0,40.0,97.5,2021-04-01,2021-04-01 04:12:00,,"Y","Y",2.0,C,"Y","Y",2.0,C,"Y","Y",2.0,C,"Y","Y",2.0,C,"Y","Y",2.0,C,"Y","Y",2.0,C,"Y","Y",2.0,C,"Y","Y",2.0,C,"Y","Y",2.0,C,"Y","Y",2.0,C,"Y","Y",2.0,C,"N","Y",1.0,P,"Y","Y",2.0,C,"Y","Y",2.0,C,"Y","Y",2.0,C,"Y","Y",2.0,C,"Y","Y",2.0,C,"Y","Y",2.0,C,"Y","Y",2.0,C,"Y","Y",2.0,C
"cpr practical 2020/2","",,,6330112050,,40.0,40.0,100.0,2021-04-01,2021-04-01 04:12:00,,"Y","Y",2.0,C,"Y","Y",2.0,C,"Y","Y",2.0,C,"Y","Y",2.0,C,"Y","Y",2.0,C,"Y","Y",2.0,C,"Y","Y",2.0,C,"Y","Y",2.0,C,"Y","Y",2.0,C,"Y","Y",2.0,C,"Y","Y",2.0,C,"Y","Y",2.0,C,"Y","Y",2.0,C,"Y","Y",2.0,C,"Y","Y",2.0,C,"Y","Y",2.0,C,"Y","Y",2.0,C,"Y","Y",2.0,C,"Y","Y",2.0,C,"Y","Y",2.0,C
"cpr practical 2020/2","",,,6330112034,,38.0,40.0,95.0,2021-04-01,2021-04-01 04:12:00,,"Y","Y",2.0,C,"Y","Y",2.0,C,"Y","Y",2.0,C,"Y","Y",2.0,C,"Y","Y",2.0,C,"Y","Y",2.0,C,"Y","Y",2.0,C,"Y","Y",2.0,C,"Y","Y",2.0,C,"Y","Y",2.0,C,"N","Y",1.0,P,"N","Y",1.0,P,"Y","Y",2.0,C,"Y","Y",2.0,C,"Y","Y",2.0,C,"Y","Y",2.0,C,"Y","Y",2.0,C,"Y","Y",2.0,C,"Y","Y",2.0,C,"Y","Y",2.0,C
"cpr practical 2020/2","",,,6330112042,,38.0,40.0,95.0,2021-04-01,2021-04-01 04:12:00,,"Y","Y",2.0,C,"Y","Y",2.0,C,"Y","Y",2.0,C,"Y","Y",2.0,C,"Y","Y",2.0,C,"Y","Y",2.0,C,"Y","Y",2.0,C,"Y","Y",2.0,C,"Y","Y",2.0,C,"Y","Y",2.0,C,"Y","Y",2.0,C,"Y","Y",2.0,C,"Y","Y",2.0,C,"Y","Y",2.0,C,"Y","Y",2.0,C,"N","Y",1.0,P,"N","Y",1.0,P,"Y","Y",2.0,C,"Y","Y",2.0,C,"Y","Y",2.0,C
"cpr practical 2020/2","",,,6330112023,,40.0,40.0,100.0,2021-04-01,2021-04-01 04:12:00,,"Y","Y",2.0,C,"Y","Y",2.0,C,"Y","Y",2.0,C,"Y","Y",2.0,C,"Y","Y",2.0,C,"Y","Y",2.0,C,"Y","Y",2.0,C,"Y","Y",2.0,C,"Y","Y",2.0,C,"Y","Y",2.0,C,"Y","Y",2.0,C,"Y","Y",2.0,C,"Y","Y",2.0,C,"Y","Y",2.0,C,"Y","Y",2.0,C,"Y","Y",2.0,C,"Y","Y",2.0,C,"Y","Y",2.0,C,"Y","Y",2.0,C,"Y","Y",2.0,C
"cpr practical 2020/2","",,,6330112002,,37.0,40.0,92.5,2021-04-01,2021-04-01 04:12:00,,"Y","Y",2.0,C,"Y","Y",2.0,C,"Y","Y",2.0,C,"Y","Y",2.0,C,"Y","Y",2.0,C,"Y","Y",2.0,C,"Y","Y",2.0,C,"N","Y",1.0,P,"Y","Y",2.0,C,"Y","Y",2.0,C,"Y","Y",2.0,C,"Y","Y",2.0,C,"Y","Y",2.0,C,"Y","Y",2.0,C,"Y","Y",2.0,C,"N","Y",1.0,P,"N","Y",1.0,P,"Y","Y",2.0,C,"Y","Y",2.0,C,"Y","Y",2.0,C
"cpr practical 2020/2","",,,6230111048,,37.0,40.0,92.5,2021-04-01,2021-04-01 04:12:00,,"N","Y",1.0,P,"Y","Y",2.0,C,"Y","Y",2.0,C,"Y","Y",2.0,C,"Y","Y",2.0,C,"Y","Y",2.0,C,"Y","Y",2.0,C,"Y","Y",2.0,C,"Y","Y",2.0,C,"Y","Y",2.0,C,"N","Y",1.0,P,"Y","Y",2.0,C,"Y","Y",2.0,C,"Y","Y",2.0,C,"Y","Y",2.0,C,"Y","Y",2.0,C,"Y","Y",2.0,C,"N","Y",1.0,P,"Y","Y",2.0,C,"Y","Y",2.0,C
"cpr practical 2020/2","",,,6230111047,,37.0,40.0,92.5,2021-04-01,2021-04-01 04:12:00,,"N","Y",1.0,P,"Y","Y",2.0,C,"Y","Y",2.0,C,"Y","Y",2.0,C,"Y","Y",2.0,C,"Y","Y",2.0,C,"Y","Y",2.0,C,"Y","Y",2.0,C,"Y","Y",2.0,C,"Y","Y",2.0,C,"N","Y",1.0,P,"Y","Y",2.0,C,"Y","Y",2.0,C,"Y","Y",2.0,C,"Y","Y",2.0,C,"Y","Y",2.0,C,"Y","Y",2.0,C,"N","Y",1.0,P,"Y","Y",2.0,C,"Y","Y",2.0,C
"cpr practical 2020/2","",,,6230112077,,37.0,40.0,92.5,2021-04-01,2021-04-01 04:12:00,,"N","Y",1.0,P,"Y","Y",2.0,C,"Y","Y",2.0,C,"Y","Y",2.0,C,"Y","Y",2.0,C,"Y","Y",2.0,C,"Y","Y",2.0,C,"Y","Y",2.0,C,"Y","Y",2.0,C,"Y","Y",2.0,C,"N","Y",1.0,P,"Y","Y",2.0,C,"Y","Y",2.0,C,"Y","Y",2.0,C,"Y","Y",2.0,C,"Y","Y",2.0,C,"Y","Y",2.0,C,"N","Y",1.0,P,"Y","Y",2.0,C,"Y","Y",2.0,C
"cpr practical 2020/2","",,,6330112016,,39.0,40.0,97.5,2021-04-01,2021-04-01 04:12:00,,"Y","Y",2.0,C,"Y","Y",2.0,C,"Y","Y",2.0,C,"Y","Y",2.0,C,"Y","Y",2.0,C,"Y","Y",2.0,C,"Y","Y",2.0,C,"Y","Y",2.0,C,"Y","Y",2.0,C,"Y","Y",2.0,C,"Y","Y",2.0,C,"Y","Y",2.0,C,"Y","Y",2.0,C,"Y","Y",2.0,C,"Y","Y",2.0,C,"Y","Y",2.0,C,"Y","Y",2.0,C,"N","Y",1.0,P,"Y","Y",2.0,C,"Y","Y",2.0,C
"cpr practical 2020/2","",,,6330112068,,40.0,40.0,100.0,2021-04-01,2021-04-01 04:12:00,,"Y","Y",2.0,C,"Y","Y",2.0,C,"Y","Y",2.0,C,"Y","Y",2.0,C,"Y","Y",2.0,C,"Y","Y",2.0,C,"Y","Y",2.0,C,"Y","Y",2.0,C,"Y","Y",2.0,C,"Y","Y",2.0,C,"Y","Y",2.0,C,"Y","Y",2.0,C,"Y","Y",2.0,C,"Y","Y",2.0,C,"Y","Y",2.0,C,"Y","Y",2.0,C,"Y","Y",2.0,C,"Y","Y",2.0,C,"Y","Y",2.0,C,"Y","Y",2.0,C
"cpr practical 2020/2","",,,6330112008,,39.0,40.0,97.5,2021-04-01,2021-04-01 04:12:00,,"Y","Y",2.0,C,"Y","Y",2.0,C,"Y","Y",2.0,C,"Y","Y",2.0,C,"Y","Y",2.0,C,"Y","Y",2.0,C,"Y","Y",2.0,C,"Y","Y",2.0,C,"Y","Y",2.0,C,"Y","Y",2.0,C,"N","Y",1.0,P,"Y","Y",2.0,C,"Y","Y",2.0,C,"Y","Y",2.0,C,"Y","Y",2.0,C,"Y","Y",2.0,C,"Y","Y",2.0,C,"Y","Y",2.0,C,"Y","Y",2.0,C,"Y","Y",2.0,C
"cpr practical 2020/2","",,,6330113001,,40.0,40.0,100.0,2021-04-01,2021-04-01 04:12:00,,"Y","Y",2.0,C,"Y","Y",2.0,C,"Y","Y",2.0,C,"Y","Y",2.0,C,"Y","Y",2.0,C,"Y","Y",2.0,C,"Y","Y",2.0,C,"Y","Y",2.0,C,"Y","Y",2.0,C,"Y","Y",2.0,C,"Y","Y",2.0,C,"Y","Y",2.0,C,"Y","Y",2.0,C,"Y","Y",2.0,C,"Y","Y",2.0,C,"Y","Y",2.0,C,"Y","Y",2.0,C,"Y","Y",2.0,C,"Y","Y",2.0,C,"Y","Y",2.0,C
"cpr practical 2020/2","",,,6330113004,,40.0,40.0,100.0,2021-04-01,2021-04-01 04:12:00,,"Y","Y",2.0,C,"Y","Y",2.0,C,"Y","Y",2.0,C,"Y","Y",2.0,C,"Y","Y",2.0,C,"Y","Y",2.0,C,"Y","Y",2.0,C,"Y","Y",2.0,C,"Y","Y",2.0,C,"Y","Y",2.0,C,"Y","Y",2.0,C,"Y","Y",2.0,C,"Y","Y",2.0,C,"Y","Y",2.0,C,"Y","Y",2.0,C,"Y","Y",2.0,C,"Y","Y",2.0,C,"Y","Y",2.0,C,"Y","Y",2.0,C,"Y","Y",2.0,C
"cpr practical 2020/2","",,,6330113009,,40.0,40.0,100.0,2021-04-01,2021-04-01 04:12:00,,"Y","Y",2.0,C,"Y","Y",2.0,C,"Y","Y",2.0,C,"Y","Y",2.0,C,"Y","Y",2.0,C,"Y","Y",2.0,C,"Y","Y",2.0,C,"Y","Y",2.0,C,"Y","Y",2.0,C,"Y","Y",2.0,C,"Y","Y",2.0,C,"Y","Y",2.0,C,"Y","Y",2.0,C,"Y","Y",2.0,C,"Y","Y",2.0,C,"Y","Y",2.0,C,"Y","Y",2.0,C,"Y","Y",2.0,C,"Y","Y",2.0,C,"Y","Y",2.0,C
"cpr practical 2020/2","",,,6330112014,,37.0,40.0,92.5,2021-04-01,2021-04-01 04:12:00,,"N","Y",1.0,P,"Y","Y",2.0,C,"Y","Y",2.0,C,"Y","Y",2.0,C,"Y","Y",2.0,C,"Y","Y",2.0,C,"Y","Y",2.0,C,"Y","Y",2.0,C,"Y","Y",2.0,C,"Y","Y",2.0,C,"Y","Y",2.0,C,"Y","Y",2.0,C,"Y","Y",2.0,C,"Y","Y",2.0,C,"Y","Y",2.0,C,"Y","Y",2.0,C,"Y","Y",2.0,C,"N","Y",1.0,P,"N","Y",1.0,P,"Y","Y",2.0,C
"cpr practical 2020/2","",,,6330112053,,37.0,40.0,92.5,2021-04-01,2021-04-01 04:12:00,,"N","Y",1.0,P,"Y","Y",2.0,C,"Y","Y",2.0,C,"Y","Y",2.0,C,"Y","Y",2.0,C,"Y","Y",2.0,C,"Y","Y",2.0,C,"Y","Y",2.0,C,"N","Y",1.0,P,"Y","Y",2.0,C,"Y","Y",2.0,C,"Y","Y",2.0,C,"Y","Y",2.0,C,"Y","Y",2.0,C,"Y","Y",2.0,C,"Y","Y",2.0,C,"Y","Y",2.0,C,"N","Y",1.0,P,"Y","Y",2.0,C,"Y","Y",2.0,C
"cpr practical 2020/2","",,,6330112091,,36.0,40.0,90.0,2021-04-01,2021-04-01 04:12:00,,"N","Y",1.0,P,"Y","Y",2.0,C,"Y","Y",2.0,C,"Y","Y",2.0,C,"Y","Y",2.0,C,"Y","Y",2.0,C,"Y","Y",2.0,C,"Y","Y",2.0,C,"N","Y",1.0,P,"N","Y",1.0,P,"Y","Y",2.0,C,"Y","Y",2.0,C,"Y","Y",2.0,C,"Y","Y",2.0,C,"Y","Y",2.0,C,"Y","Y",2.0,C,"Y","Y",2.0,C,"N","Y",1.0,P,"Y","Y",2.0,C,"Y","Y",2.0,C
"cpr practical 2020/2","",,,6330113011,,38.0,40.0,95.0,2021-04-01,2021-04-01 04:12:00,,"Y","Y",2.0,C,"Y","Y",2.0,C,"Y","Y",2.0,C,"Y","Y",2.0,C,"Y","Y",2.0,C,"Y","Y",2.0,C,"Y","Y",2.0,C,"Y","Y",2.0,C,"Y","Y",2.0,C,"Y","Y",2.0,C,"Y","Y",2.0,C,"N","Y",1.0,P,"N","Y",1.0,P,"Y","Y",2.0,C,"Y","Y",2.0,C,"Y","Y",2.0,C,"Y","Y",2.0,C,"Y","Y",2.0,C,"Y","Y",2.0,C,"Y","Y",2.0,C
"cpr practical 2020/2","",,,6330112043,,38.0,40.0,95.0,2021-04-01,2021-04-01 04:12:00,,"Y","Y",2.0,C,"Y","Y",2.0,C,"Y","Y",2.0,C,"Y","Y",2.0,C,"N","Y",1.0,P,"Y","Y",2.0,C,"Y","Y",2.0,C,"Y","Y",2.0,C,"Y","Y",2.0,C,"Y","Y",2.0,C,"Y","Y",2.0,C,"Y","Y",2.0,C,"Y","Y",2.0,C,"Y","Y",2.0,C,"Y","Y",2.0,C,"N","Y",1.0,P,"Y","Y",2.0,C,"Y","Y",2.0,C,"Y","Y",2.0,C,"Y","Y",2.0,C
"cpr practical 2020/2","",,,6330113002,,39.0,40.0,97.5,2021-04-01,2021-04-01 04:12:00,,"Y","Y",2.0,C,"Y","Y",2.0,C,"Y","Y",2.0,C,"Y","Y",2.0,C,"Y","Y",2.0,C,"Y","Y",2.0,C,"Y","Y",2.0,C,"Y","Y",2.0,C,"Y","Y",2.0,C,"N","Y",1.0,P,"Y","Y",2.0,C,"Y","Y",2.0,C,"Y","Y",2.0,C,"Y","Y",2.0,C,"Y","Y",2.0,C,"Y","Y",2.0,C,"Y","Y",2.0,C,"Y","Y",2.0,C,"Y","Y",2.0,C,"Y","Y",2.0,C
"cpr practical 2020/2","",,,6330112087,,39.0,40.0,97.5,2021-04-01,2021-04-01 04:12:00,,"Y","Y",2.0,C,"Y","Y",2.0,C,"Y","Y",2.0,C,"Y","Y",2.0,C,"N","Y",1.0,P,"Y","Y",2.0,C,"Y","Y",2.0,C,"Y","Y",2.0,C,"Y","Y",2.0,C,"Y","Y",2.0,C,"Y","Y",2.0,C,"Y","Y",2.0,C,"Y","Y",2.0,C,"Y","Y",2.0,C,"Y","Y",2.0,C,"Y","Y",2.0,C,"Y","Y",2.0,C,"Y","Y",2.0,C,"Y","Y",2.0,C,"Y","Y",2.0,C
"cpr practical 2020/2","",,,6330112054,,35.0,40.0,87.5,2021-04-01,2021-04-01 04:12:00,,"Y","Y",2.0,C,"Y","Y",2.0,C,"Y","Y",2.0,C,"Y","Y",2.0,C,"N","Y",1.0,P,"Y","Y",2.0,C,"Y","Y",2.0,C,"Y","Y",2.0,C,"Y","Y",2.0,C,"Y","Y",2.0,C,"Y","Y",2.0,C,"Y","Y",2.0,C,"Y","Y",2.0,C,"Y","Y",2.0,C,"N","Y",1.0,P,"N","Y",1.0,P,"Y","Y",2.0,C,"N","Y",1.0,P,"N","Y",1.0,P,"Y","Y",2.0,C
"cpr practical 2020/2","",,,6330113006,,38.0,40.0,95.0,2021-04-01,2021-04-01 04:12:00,,"Y","Y",2.0,C,"Y","Y",2.0,C,"Y","Y",2.0,C,"Y","Y",2.0,C,"Y","Y",2.0,C,"Y","Y",2.0,C,"Y","Y",2.0,C,"N","Y",1.0,P,"Y","Y",2.0,C,"Y","Y",2.0,C,"N","Y",1.0,P,"Y","Y",2.0,C,"Y","Y",2.0,C,"Y","Y",2.0,C,"Y","Y",2.0,C,"Y","Y",2.0,C,"Y","Y",2.0,C,"Y","Y",2.0,C,"Y","Y",2.0,C,"Y","Y",2.0,C
"cpr practical 2020/2","",,,6330112055,,40.0,40.0,100.0,2021-04-01,2021-04-01 04:12:00,,"Y","Y",2.0,C,"Y","Y",2.0,C,"Y","Y",2.0,C,"Y","Y",2.0,C,"Y","Y",2.0,C,"Y","Y",2.0,C,"Y","Y",2.0,C,"Y","Y",2.0,C,"Y","Y",2.0,C,"Y","Y",2.0,C,"Y","Y",2.0,C,"Y","Y",2.0,C,"Y","Y",2.0,C,"Y","Y",2.0,C,"Y","Y",2.0,C,"Y","Y",2.0,C,"Y","Y",2.0,C,"Y","Y",2.0,C,"Y","Y",2.0,C,"Y","Y",2.0,C
"cpr practical 2020/2","",,,6330112059,,40.0,40.0,100.0,2021-04-01,2021-04-01 04:12:00,,"Y","Y",2.0,C,"Y","Y",2.0,C,"Y","Y",2.0,C,"Y","Y",2.0,C,"Y","Y",2.0,C,"Y","Y",2.0,C,"Y","Y",2.0,C,"Y","Y",2.0,C,"Y","Y",2.0,C,"Y","Y",2.0,C,"Y","Y",2.0,C,"Y","Y",2.0,C,"Y","Y",2.0,C,"Y","Y",2.0,C,"Y","Y",2.0,C,"Y","Y",2.0,C,"Y","Y",2.0,C,"Y","Y",2.0,C,"Y","Y",2.0,C,"Y","Y",2.0,C
"cpr practical 2020/2","",,,6330111023,,40.0,40.0,100.0,2021-04-01,2021-04-01 04:12:00,,"Y","Y",2.0,C,"Y","Y",2.0,C,"Y","Y",2.0,C,"Y","Y",2.0,C,"Y","Y",2.0,C,"Y","Y",2.0,C,"Y","Y",2.0,C,"Y","Y",2.0,C,"Y","Y",2.0,C,"Y","Y",2.0,C,"Y","Y",2.0,C,"Y","Y",2.0,C,"Y","Y",2.0,C,"Y","Y",2.0,C,"Y","Y",2.0,C,"Y","Y",2.0,C,"Y","Y",2.0,C,"Y","Y",2.0,C,"Y","Y",2.0,C,"Y","Y",2.0,C
"cpr practical 2020/2","",,,6330612003,,37.0,40.0,92.5,2021-04-01,2021-04-01 04:12:00,,"Y","Y",2.0,C,"Y","Y",2.0,C,"Y","Y",2.0,C,"Y","Y",2.0,C,"Y","Y",2.0,C,"Y","Y",2.0,C,"0","Y",0.0,X,"Y","Y",2.0,C,"Y","Y",2.0,C,"Y","Y",2.0,C,"Y","Y",2.0,C,"Y","Y",2.0,C,"Y","Y",2.0,C,"Y","Y",2.0,C,"Y","Y",2.0,C,"Y","Y",2.0,C,"Y","Y",2.0,C,"N","Y",1.0,P,"Y","Y",2.0,C,"Y","Y",2.0,C
"cpr practical 2020/2","",,,6330112035,,37.0,40.0,92.5,2021-04-01,2021-04-01 04:12:00,,"Y","Y",2.0,C,"Y","Y",2.0,C,"Y","Y",2.0,C,"Y","Y",2.0,C,"Y","Y",2.0,C,"Y","Y",2.0,C,"0","Y",0.0,X,"Y","Y",2.0,C,"Y","Y",2.0,C,"Y","Y",2.0,C,"Y","Y",2.0,C,"Y","Y",2.0,C,"Y","Y",2.0,C,"Y","Y",2.0,C,"Y","Y",2.0,C,"Y","Y",2.0,C,"Y","Y",2.0,C,"N","Y",1.0,P,"Y","Y",2.0,C,"Y","Y",2.0,C
"cpr practical 2020/2","",,,6330112067,,37.0,40.0,92.5,2021-04-01,2021-04-01 04:12:00,,"Y","Y",2.0,C,"Y","Y",2.0,C,"Y","Y",2.0,C,"Y","Y",2.0,C,"Y","Y",2.0,C,"Y","Y",2.0,C,"0","Y",0.0,X,"Y","Y",2.0,C,"Y","Y",2.0,C,"Y","Y",2.0,C,"Y","Y",2.0,C,"Y","Y",2.0,C,"Y","Y",2.0,C,"Y","Y",2.0,C,"Y","Y",2.0,C,"Y","Y",2.0,C,"Y","Y",2.0,C,"N","Y",1.0,P,"Y","Y",2.0,C,"Y","Y",2.0,C
"cpr practical 2020/2","",,,6330112064,,37.0,40.0,92.5,2021-04-01,2021-04-01 04:12:00,,"Y","Y",2.0,C,"Y","Y",2.0,C,"Y","Y",2.0,C,"Y","Y",2.0,C,"Y","Y",2.0,C,"Y","Y",2.0,C,"0","Y",0.0,X,"Y","Y",2.0,C,"Y","Y",2.0,C,"Y","Y",2.0,C,"Y","Y",2.0,C,"Y","Y",2.0,C,"Y","Y",2.0,C,"Y","Y",2.0,C,"Y","Y",2.0,C,"Y","Y",2.0,C,"Y","Y",2.0,C,"N","Y",1.0,P,"Y","Y",2.0,C,"Y","Y",2.0,C
"cpr practical 2020/2","",,,6330102001,,40.0,40.0,100.0,2021-04-01,2021-04-01 04:12:00,,"Y","Y",2.0,C,"Y","Y",2.0,C,"Y","Y",2.0,C,"Y","Y",2.0,C,"Y","Y",2.0,C,"Y","Y",2.0,C,"Y","Y",2.0,C,"Y","Y",2.0,C,"Y","Y",2.0,C,"Y","Y",2.0,C,"Y","Y",2.0,C,"Y","Y",2.0,C,"Y","Y",2.0,C,"Y","Y",2.0,C,"Y","Y",2.0,C,"Y","Y",2.0,C,"Y","Y",2.0,C,"Y","Y",2.0,C,"Y","Y",2.0,C,"Y","Y",2.0,C
"cpr practical 2020/2","",,,6330112044,,39.0,40.0,97.5,2021-04-01,2021-04-01 04:12:00,,"Y","Y",2.0,C,"Y","Y",2.0,C,"Y","Y",2.0,C,"Y","Y",2.0,C,"Y","Y",2.0,C,"Y","Y",2.0,C,"Y","Y",2.0,C,"N","Y",1.0,P,"Y","Y",2.0,C,"Y","Y",2.0,C,"Y","Y",2.0,C,"Y","Y",2.0,C,"Y","Y",2.0,C,"Y","Y",2.0,C,"Y","Y",2.0,C,"Y","Y",2.0,C,"Y","Y",2.0,C,"Y","Y",2.0,C,"Y","Y",2.0,C,"Y","Y",2.0,C
"cpr practical 2020/2","",,,6330112040,,38.0,40.0,95.0,2021-04-01,2021-04-01 04:12:00,,"Y","Y",2.0,C,"Y","Y",2.0,C,"Y","Y",2.0,C,"Y","Y",2.0,C,"Y","Y",2.0,C,"Y","Y",2.0,C,"Y","Y",2.0,C,"N","Y",1.0,P,"Y","Y",2.0,C,"Y","Y",2.0,C,"N","Y",1.0,P,"Y","Y",2.0,C,"Y","Y",2.0,C,"Y","Y",2.0,C,"Y","Y",2.0,C,"Y","Y",2.0,C,"Y","Y",2.0,C,"Y","Y",2.0,C,"Y","Y",2.0,C,"Y","Y",2.0,C
"cpr practical 2020/2","",,,6330612011,,40.0,40.0,100.0,2021-04-01,2021-04-01 04:12:00,,"Y","Y",2.0,C,"Y","Y",2.0,C,"Y","Y",2.0,C,"Y","Y",2.0,C,"Y","Y",2.0,C,"Y","Y",2.0,C,"Y","Y",2.0,C,"Y","Y",2.0,C,"Y","Y",2.0,C,"Y","Y",2.0,C,"Y","Y",2.0,C,"Y","Y",2.0,C,"Y","Y",2.0,C,"Y","Y",2.0,C,"Y","Y",2.0,C,"Y","Y",2.0,C,"Y","Y",2.0,C,"Y","Y",2.0,C,"Y","Y",2.0,C,"Y","Y",2.0,C
"cpr practical 2020/2","",,,6330612008,,39.0,40.0,97.5,2021-04-01,2021-04-01 04:12:00,,"Y","Y",2.0,C,"Y","Y",2.0,C,"Y","Y",2.0,C,"Y","Y",2.0,C,"Y","Y",2.0,C,"Y","Y",2.0,C,"Y","Y",2.0,C,"Y","Y",2.0,C,"Y","Y",2.0,C,"Y","Y",2.0,C,"Y","Y",2.0,C,"Y","Y",2.0,C,"Y","Y",2.0,C,"Y","Y",2.0,C,"Y","Y",2.0,C,"N","Y",1.0,P,"Y","Y",2.0,C,"Y","Y",2.0,C,"Y","Y",2.0,C,"Y","Y",2.0,C
"cpr practical 2020/2","",,,6330612013,,39.0,40.0,97.5,2021-04-01,2021-04-01 04:12:00,,"Y","Y",2.0,C,"Y","Y",2.0,C,"Y","Y",2.0,C,"Y","Y",2.0,C,"Y","Y",2.0,C,"Y","Y",2.0,C,"Y","Y",2.0,C,"Y","Y",2.0,C,"Y","Y",2.0,C,"Y","Y",2.0,C,"Y","Y",2.0,C,"Y","Y",2.0,C,"Y","Y",2.0,C,"Y","Y",2.0,C,"Y","Y",2.0,C,"N","Y",1.0,P,"Y","Y",2.0,C,"Y","Y",2.0,C,"Y","Y",2.0,C,"Y","Y",2.0,C
"cpr practical 2020/2","",,,6330112085,,40.0,40.0,100.0,2021-04-01,2021-04-01 04:12:00,,"Y","Y",2.0,C,"Y","Y",2.0,C,"Y","Y",2.0,C,"Y","Y",2.0,C,"Y","Y",2.0,C,"Y","Y",2.0,C,"Y","Y",2.0,C,"Y","Y",2.0,C,"Y","Y",2.0,C,"Y","Y",2.0,C,"Y","Y",2.0,C,"Y","Y",2.0,C,"Y","Y",2.0,C,"Y","Y",2.0,C,"Y","Y",2.0,C,"Y","Y",2.0,C,"Y","Y",2.0,C,"Y","Y",2.0,C,"Y","Y",2.0,C,"Y","Y",2.0,C
"cpr practical 2020/2","",,,6230112078,,40.0,40.0,100.0,2021-04-01,2021-04-01 04:12:00,,"Y","Y",2.0,C,"Y","Y",2.0,C,"Y","Y",2.0,C,"Y","Y",2.0,C,"Y","Y",2.0,C,"Y","Y",2.0,C,"Y","Y",2.0,C,"Y","Y",2.0,C,"Y","Y",2.0,C,"Y","Y",2.0,C,"Y","Y",2.0,C,"Y","Y",2.0,C,"Y","Y",2.0,C,"Y","Y",2.0,C,"Y","Y",2.0,C,"Y","Y",2.0,C,"Y","Y",2.0,C,"Y","Y",2.0,C,"Y","Y",2.0,C,"Y","Y",2.0,C
"cpr practical 2020/2","",,,6330112057,,40.0,40.0,100.0,2021-04-01,2021-04-01 04:12:00,,"Y","Y",2.0,C,"Y","Y",2.0,C,"Y","Y",2.0,C,"Y","Y",2.0,C,"Y","Y",2.0,C,"Y","Y",2.0,C,"Y","Y",2.0,C,"Y","Y",2.0,C,"Y","Y",2.0,C,"Y","Y",2.0,C,"Y","Y",2.0,C,"Y","Y",2.0,C,"Y","Y",2.0,C,"Y","Y",2.0,C,"Y","Y",2.0,C,"Y","Y",2.0,C,"Y","Y",2.0,C,"Y","Y",2.0,C,"Y","Y",2.0,C,"Y","Y",2.0,C
"cpr practical 2020/2","",,,6330112031,,38.0,40.0,95.0,2021-04-01,2021-04-01 04:12:00,,"Y","Y",2.0,C,"Y","Y",2.0,C,"Y","Y",2.0,C,"Y","Y",2.0,C,"N","Y",1.0,P,"Y","Y",2.0,C,"Y","Y",2.0,C,"Y","Y",2.0,C,"Y","Y",2.0,C,"Y","Y",2.0,C,"Y","Y",2.0,C,"Y","Y",2.0,C,"Y","Y",2.0,C,"Y","Y",2.0,C,"Y","Y",2.0,C,"Y","Y",2.0,C,"N","Y",1.0,P,"Y","Y",2.0,C,"Y","Y",2.0,C,"Y","Y",2.0,C
"cpr practical 2020/2","",,,6330112029,,37.0,40.0,92.5,2021-04-01,2021-04-01 04:12:00,,"Y","Y",2.0,C,"Y","Y",2.0,C,"Y","Y",2.0,C,"Y","Y",2.0,C,"N","Y",1.0,P,"Y","Y",2.0,C,"Y","Y",2.0,C,"Y","Y",2.0,C,"Y","Y",2.0,C,"Y","Y",2.0,C,"Y","Y",2.0,C,"Y","Y",2.0,C,"Y","Y",2.0,C,"Y","Y",2.0,C,"Y","Y",2.0,C,"Y","Y",2.0,C,"N","Y",1.0,P,"Y","Y",2.0,C,"N","Y",1.0,P,"Y","Y",2.0,C
"cpr practical 2020/2","",,,6330112037,,33.0,40.0,82.5,2021-04-01,2021-04-01 04:12:00,,"Y","Y",2.0,C,"Y","Y",2.0,C,"Y","Y",2.0,C,"Y","Y",2.0,C,"N","Y",1.0,P,"Y","Y",2.0,C,"Y","Y",2.0,C,"Y","Y",2.0,C,"Y","Y",2.0,C,"Y","Y",2.0,C,"Y","Y",2.0,C,"Y","Y",2.0,C,"Y","Y",2.0,C,"Y","Y",2.0,C,"N","Y",1.0,P,"N","Y",1.0,P,"N","Y",1.0,P,"N","Y",1.0,P,"N","Y",1.0,P,"N","Y",1.0,P
"cpr practical 2020/2","",,,6330112013,,39.0,40.0,97.5,2021-04-01,2021-04-01 04:12:00,,"Y","Y",2.0,C,"Y","Y",2.0,C,"Y","Y",2.0,C,"Y","Y",2.0,C,"Y","Y",2.0,C,"Y","Y",2.0,C,"Y","Y",2.0,C,"Y","Y",2.0,C,"Y","Y",2.0,C,"Y","Y",2.0,C,"Y","Y",2.0,C,"Y","Y",2.0,C,"Y","Y",2.0,C,"Y","Y",2.0,C,"Y","Y",2.0,C,"Y","Y",2.0,C,"Y","Y",2.0,C,"N","Y",1.0,P,"Y","Y",2.0,C,"Y","Y",2.0,C
"cpr practical 2020/2","",,,6330112036,,39.0,40.0,97.5,2021-04-01,2021-04-01 04:12:00,,"Y","Y",2.0,C,"Y","Y",2.0,C,"Y","Y",2.0,C,"Y","Y",2.0,C,"Y","Y",2.0,C,"Y","Y",2.0,C,"Y","Y",2.0,C,"Y","Y",2.0,C,"Y","Y",2.0,C,"Y","Y",2.0,C,"Y","Y",2.0,C,"Y","Y",2.0,C,"Y","Y",2.0,C,"Y","Y",2.0,C,"Y","Y",2.0,C,"Y","Y",2.0,C,"Y","Y",2.0,C,"N","Y",1.0,P,"Y","Y",2.0,C,"Y","Y",2.0,C
"cpr practical 2020/2","",,,6330112009,,39.0,40.0,97.5,2021-04-01,2021-04-01 04:12:00,,"Y","Y",2.0,C,"Y","Y",2.0,C,"Y","Y",2.0,C,"Y","Y",2.0,C,"Y","Y",2.0,C,"Y","Y",2.0,C,"Y","Y",2.0,C,"Y","Y",2.0,C,"Y","Y",2.0,C,"Y","Y",2.0,C,"Y","Y",2.0,C,"Y","Y",2.0,C,"Y","Y",2.0,C,"Y","Y",2.0,C,"Y","Y",2.0,C,"Y","Y",2.0,C,"Y","Y",2.0,C,"N","Y",1.0,P,"Y","Y",2.0,C,"Y","Y",2.0,C
"cpr practical 2020/2","",,,6330112025,,39.0,40.0,97.5,2021-04-01,2021-04-01 04:12:00,,"Y","Y",2.0,C,"Y","Y",2.0,C,"Y","Y",2.0,C,"Y","Y",2.0,C,"Y","Y",2.0,C,"Y","Y",2.0,C,"Y","Y",2.0,C,"Y","Y",2.0,C,"Y","Y",2.0,C,"Y","Y",2.0,C,"Y","Y",2.0,C,"Y","Y",2.0,C,"Y","Y",2.0,C,"Y","Y",2.0,C,"Y","Y",2.0,C,"N","Y",1.0,P,"Y","Y",2.0,C,"Y","Y",2.0,C,"Y","Y",2.0,C,"Y","Y",2.0,C
"cpr practical 2020/2","",,,6330112024,,38.0,40.0,95.0,2021-04-01,2021-04-01 04:12:00,,"Y","Y",2.0,C,"Y","Y",2.0,C,"Y","Y",2.0,C,"Y","Y",2.0,C,"Y","Y",2.0,C,"Y","Y",2.0,C,"Y","Y",2.0,C,"Y","Y",2.0,C,"Y","Y",2.0,C,"Y","Y",2.0,C,"Y","Y",2.0,C,"Y","Y",2.0,C,"Y","Y",2.0,C,"Y","Y",2.0,C,"Y","Y",2.0,C,"N","Y",1.0,P,"Y","Y",2.0,C,"N","Y",1.0,P,"Y","Y",2.0,C,"Y","Y",2.0,C
"cpr practical 2020/2","",,,6330612006,,37.0,40.0,92.5,2021-04-01,2021-04-01 04:12:00,,"Y","Y",2.0,C,"Y","Y",2.0,C,"Y","Y",2.0,C,"Y","Y",2.0,C,"Y","Y",2.0,C,"Y","Y",2.0,C,"Y","Y",2.0,C,"N","Y",1.0,P,"Y","Y",2.0,C,"Y","Y",2.0,C,"N","Y",1.0,P,"Y","Y",2.0,C,"Y","Y",2.0,C,"Y","Y",2.0,C,"N","Y",1.0,P,"Y","Y",2.0,C,"Y","Y",2.0,C,"Y","Y",2.0,C,"Y","Y",2.0,C,"Y","Y",2.0,C
"cpr practical 2020/2","",,,6330612005,,38.0,40.0,95.0,2021-04-01,2021-04-01 04:12:00,,"Y","Y",2.0,C,"Y","Y",2.0,C,"Y","Y",2.0,C,"Y","Y",2.0,C,"Y","Y",2.0,C,"Y","Y",2.0,C,"Y","Y",2.0,C,"N","Y",1.0,P,"N","Y",1.0,P,"Y","Y",2.0,C,"Y","Y",2.0,C,"Y","Y",2.0,C,"Y","Y",2.0,C,"Y","Y",2.0,C,"Y","Y",2.0,C,"Y","Y",2.0,C,"Y","Y",2.0,C,"Y","Y",2.0,C,"Y","Y",2.0,C,"Y","Y",2.0,C
"cpr practical 2020/2","",,,6330612004,,38.0,40.0,95.0,2021-04-01,2021-04-01 04:12:00,,"Y","Y",2.0,C,"Y","Y",2.0,C,"Y","Y",2.0,C,"Y","Y",2.0,C,"Y","Y",2.0,C,"Y","Y",2.0,C,"Y","Y",2.0,C,"Y","Y",2.0,C,"Y","Y",2.0,C,"N","Y",1.0,P,"Y","Y",2.0,C,"N","Y",1.0,P,"Y","Y",2.0,C,"Y","Y",2.0,C,"Y","Y",2.0,C,"Y","Y",2.0,C,"Y","Y",2.0,C,"Y","Y",2.0,C,"Y","Y",2.0,C,"Y","Y",2.0,C
"cpr practical 2020/2","",,,6330612001,,37.0,40.0,92.5,2021-04-01,2021-04-01 04:12:00,,"Y","Y",2.0,C,"Y","Y",2.0,C,"Y","Y",2.0,C,"Y","Y",2.0,C,"Y","Y",2.0,C,"Y","Y",2.0,C,"Y","Y",2.0,C,"Y","Y",2.0,C,"Y","Y",2.0,C,"Y","Y",2.0,C,"N","Y",1.0,P,"N","Y",1.0,P,"N","Y",1.0,P,"Y","Y",2.0,C,"Y","Y",2.0,C,"Y","Y",2.0,C,"Y","Y",2.0,C,"Y","Y",2.0,C,"Y","Y",2.0,C,"Y","Y",2.0,C
"cpr practical 2020/2","",,,6330612010,,38.0,40.0,95.0,2021-04-01,2021-04-01 04:12:00,,"Y","Y",2.0,C,"Y","Y",2.0,C,"Y","Y",2.0,C,"Y","Y",2.0,C,"Y","Y",2.0,C,"Y","Y",2.0,C,"Y","Y",2.0,C,"N","Y",1.0,P,"Y","Y",2.0,C,"Y","Y",2.0,C,"Y","Y",2.0,C,"Y","Y",2.0,C,"Y","Y",2.0,C,"Y","Y",2.0,C,"N","Y",1.0,P,"Y","Y",2.0,C,"Y","Y",2.0,C,"Y","Y",2.0,C,"Y","Y",2.0,C,"Y","Y",2.0,C
"cpr practical 2020/2","",,,6330612009,,38.0,40.0,95.0,2021-04-01,2021-04-01 04:12:00,,"Y","Y",2.0,C,"Y","Y",2.0,C,"Y","Y",2.0,C,"Y","Y",2.0,C,"Y","Y",2.0,C,"Y","Y",2.0,C,"Y","Y",2.0,C,"N","Y",1.0,P,"Y","Y",2.0,C,"Y","Y",2.0,C,"Y","Y",2.0,C,"Y","Y",2.0,C,"Y","Y",2.0,C,"Y","Y",2.0,C,"N","Y",1.0,P,"Y","Y",2.0,C,"Y","Y",2.0,C,"Y","Y",2.0,C,"Y","Y",2.0,C,"Y","Y",2.0,C
"cpr practical 2020/2","",,,6330112010,,36.0,40.0,90.0,2021-04-01,2021-04-01 04:12:00,,"Y","Y",2.0,C,"Y","Y",2.0,C,"Y","Y",2.0,C,"Y","Y",2.0,C,"N","Y",1.0,P,"Y","Y",2.0,C,"Y","Y",2.0,C,"N","Y",1.0,P,"Y","Y",2.0,C,"Y","Y",2.0,C,"N","Y",1.0,P,"Y","Y",2.0,C,"Y","Y",2.0,C,"Y","Y",2.0,C,"Y","Y",2.0,C,"Y","Y",2.0,C,"N","Y",1.0,P,"Y","Y",2.0,C,"Y","Y",2.0,C,"Y","Y",2.0,C
"cpr practical 2020/2","",,,6330103001,,39.0,40.0,97.5,2021-04-01,2021-04-01 04:12:00,,"Y","Y",2.0,C,"Y","Y",2.0,C,"Y","Y",2.0,C,"Y","Y",2.0,C,"Y","Y",2.0,C,"Y","Y",2.0,C,"Y","Y",2.0,C,"N","Y",1.0,P,"Y","Y",2.0,C,"Y","Y",2.0,C,"Y","Y",2.0,C,"Y","Y",2.0,C,"Y","Y",2.0,C,"Y","Y",2.0,C,"Y","Y",2.0,C,"Y","Y",2.0,C,"Y","Y",2.0,C,"Y","Y",2.0,C,"Y","Y",2.0,C,"Y","Y",2.0,C
"cpr practical 2020/2","",,,6230112080,,40.0,40.0,100.0,2021-04-01,2021-04-01 04:12:00,,"Y","Y",2.0,C,"Y","Y",2.0,C,"Y","Y",2.0,C,"Y","Y",2.0,C,"Y","Y",2.0,C,"Y","Y",2.0,C,"Y","Y",2.0,C,"Y","Y",2.0,C,"Y","Y",2.0,C,"Y","Y",2.0,C,"Y","Y",2.0,C,"Y","Y",2.0,C,"Y","Y",2.0,C,"Y","Y",2.0,C,"Y","Y",2.0,C,"Y","Y",2.0,C,"Y","Y",2.0,C,"Y","Y",2.0,C,"Y","Y",2.0,C,"Y","Y",2.0,C
"cpr practical 2020/2","",,,6330111024,,40.0,40.0,100.0,2021-04-01,2021-04-01 04:12:00,,"Y","Y",2.0,C,"Y","Y",2.0,C,"Y","Y",2.0,C,"Y","Y",2.0,C,"Y","Y",2.0,C,"Y","Y",2.0,C,"Y","Y",2.0,C,"Y","Y",2.0,C,"Y","Y",2.0,C,"Y","Y",2.0,C,"Y","Y",2.0,C,"Y","Y",2.0,C,"Y","Y",2.0,C,"Y","Y",2.0,C,"Y","Y",2.0,C,"Y","Y",2.0,C,"Y","Y",2.0,C,"Y","Y",2.0,C,"Y","Y",2.0,C,"Y","Y",2.0,C
"cpr practical 2020/2","",,,6230112079,,40.0,40.0,100.0,2021-04-01,2021-04-01 04:12:00,,"Y","Y",2.0,C,"Y","Y",2.0,C,"Y","Y",2.0,C,"Y","Y",2.0,C,"Y","Y",2.0,C,"Y","Y",2.0,C,"Y","Y",2.0,C,"Y","Y",2.0,C,"Y","Y",2.0,C,"Y","Y",2.0,C,"Y","Y",2.0,C,"Y","Y",2.0,C,"Y","Y",2.0,C,"Y","Y",2.0,C,"Y","Y",2.0,C,"Y","Y",2.0,C,"Y","Y",2.0,C,"Y","Y",2.0,C,"Y","Y",2.0,C,"Y","Y",2.0,C
"cpr practical 2020/2","",,,6330112003,,36.0,40.0,90.0,2021-04-01,2021-04-01 04:12:00,,"Y","Y",2.0,C,"Y","Y",2.0,C,"Y","Y",2.0,C,"Y","Y",2.0,C,"N","Y",1.0,P,"Y","Y",2.0,C,"Y","Y",2.0,C,"N","Y",1.0,P,"Y","Y",2.0,C,"Y","Y",2.0,C,"Y","Y",2.0,C,"Y","Y",2.0,C,"Y","Y",2.0,C,"Y","Y",2.0,C,"Y","Y",2.0,C,"Y","Y",2.0,C,"N","Y",1.0,P,"N","Y",1.0,P,"Y","Y",2.0,C,"Y","Y",2.0,C
"cpr practical 2020/2","",,,6330112011,,34.0,40.0,85.0,2021-04-01,2021-04-01 04:12:00,,"Y","Y",2.0,C,"N","Y",1.0,P,"N","Y",1.0,P,"Y","Y",2.0,C,"N","Y",1.0,P,"Y","Y",2.0,C,"Y","Y",2.0,C,"Y","Y",2.0,C,"Y","Y",2.0,C,"Y","Y",2.0,C,"N","Y",1.0,P,"N","Y",1.0,P,"Y","Y",2.0,C,"Y","Y",2.0,C,"Y","Y",2.0,C,"Y","Y",2.0,C,"N","Y",1.0,P,"Y","Y",2.0,C,"Y","Y",2.0,C,"Y","Y",2.0,C
"cpr practical 2020/2","",,,6330112017,,37.0,40.0,92.5,2021-04-01,2021-04-01 04:12:00,,"Y","Y",2.0,C,"N","Y",1.0,P,"N","Y",1.0,P,"Y","Y",2.0,C,"Y","Y",2.0,C,"Y","Y",2.0,C,"Y","Y",2.0,C,"Y","Y",2.0,C,"Y","Y",2.0,C,"Y","Y",2.0,C,"Y","Y",2.0,C,"Y","Y",2.0,C,"Y","Y",2.0,C,"Y","Y",2.0,C,"Y","Y",2.0,C,"Y","Y",2.0,C,"Y","Y",2.0,C,"N","Y",1.0,P,"Y","Y",2.0,C,"Y","Y",2.0,C
"cpr practical 2020/2","",,,6330112005,,35.0,40.0,87.5,2021-04-01,2021-04-01 04:12:00,,"Y","Y",2.0,C,"N","Y",1.0,P,"N","Y",1.0,P,"Y","Y",2.0,C,"N","Y",1.0,P,"Y","Y",2.0,C,"Y","Y",2.0,C,"Y","Y",2.0,C,"Y","Y",2.0,C,"Y","Y",2.0,C,"Y","Y",2.0,C,"Y","Y",2.0,C,"Y","Y",2.0,C,"Y","Y",2.0,C,"Y","Y",2.0,C,"Y","Y",2.0,C,"N","Y",1.0,P,"Y","Y",2.0,C,"N","Y",1.0,P,"Y","Y",2.0,C
"cpr practical 2020/2","",,,6330112069,,36.0,40.0,90.0,2021-04-01,2021-04-01 04:12:00,,"Y","Y",2.0,C,"Y","Y",2.0,C,"Y","Y",2.0,C,"Y","Y",2.0,C,"Y","Y",2.0,C,"Y","Y",2.0,C,"Y","Y",2.0,C,"Y","Y",2.0,C,"Y","Y",2.0,C,"0","Y",0.0,X,"Y","Y",2.0,C,"Y","Y",2.0,C,"Y","Y",2.0,C,"Y","Y",2.0,C,"Y","Y",2.0,C,"Y","Y",2.0,C,"Y","Y",2.0,C,"0","Y",0.0,X,"Y","Y",2.0,C,"Y","Y",2.0,C
"cpr practical 2020/2","",,,6330112072,,38.0,40.0,95.0,2021-04-01,2021-04-01 04:12:00,,"Y","Y",2.0,C,"Y","Y",2.0,C,"Y","Y",2.0,C,"Y","Y",2.0,C,"Y","Y",2.0,C,"Y","Y",2.0,C,"Y","Y",2.0,C,"Y","Y",2.0,C,"Y","Y",2.0,C,"Y","Y",2.0,C,"Y","Y",2.0,C,"Y","Y",2.0,C,"Y","Y",2.0,C,"Y","Y",2.0,C,"Y","Y",2.0,C,"Y","Y",2.0,C,"Y","Y",2.0,C,"0","Y",0.0,X,"Y","Y",2.0,C,"Y","Y",2.0,C
"cpr practical 2020/2","",,,6330112049,,36.0,40.0,90.0,2021-04-01,2021-04-01 04:12:00,,"Y","Y",2.0,C,"Y","Y",2.0,C,"Y","Y",2.0,C,"Y","Y",2.0,C,"Y","Y",2.0,C,"Y","Y",2.0,C,"Y","Y",2.0,C,"Y","Y",2.0,C,"Y","Y",2.0,C,"Y","Y",2.0,C,"Y","Y",2.0,C,"Y","Y",2.0,C,"Y","Y",2.0,C,"Y","Y",2.0,C,"Y","Y",2.0,C,"0","Y",0.0,X,"Y","Y",2.0,C,"0","Y",0.0,X,"Y","Y",2.0,C,"Y","Y",2.0,C
"cpr practical 2020/2","",,,6330112033,,32.0,40.0,80.0,2021-04-01,2021-04-01 04:12:00,,"Y","Y",2.0,C,"Y","Y",2.0,C,"Y","Y",2.0,C,"Y","Y",2.0,C,"Y","Y",2.0,C,"Y","Y",2.0,C,"Y","Y",2.0,C,"N","Y",1.0,P,"Y","Y",2.0,C,"Y","Y",2.0,C,"Y","Y",2.0,C,"N","Y",1.0,P,"Y","Y",2.0,C,"Y","Y",2.0,C,"N","Y",1.0,P,"N","Y",1.0,P,"N","Y",1.0,P,"N","Y",1.0,P,"N","Y",1.0,P,"N","Y",1.0,P
"cpr practical 2020/2","",,,6330112028,,34.0,40.0,85.0,2021-04-01,2021-04-01 04:12:00,,"Y","Y",2.0,C,"Y","Y",2.0,C,"Y","Y",2.0,C,"Y","Y",2.0,C,"Y","Y",2.0,C,"Y","Y",2.0,C,"Y","Y",2.0,C,"Y","Y",2.0,C,"Y","Y",2.0,C,"Y","Y",2.0,C,"Y","Y",2.0,C,"Y","Y",2.0,C,"Y","Y",2.0,C,"Y","Y",2.0,C,"N","Y",1.0,P,"N","Y",1.0,P,"N","Y",1.0,P,"N","Y",1.0,P,"N","Y",1.0,P,"N","Y",1.0,P
"cpr practical 2020/2","",,,6330112019,,34.0,40.0,85.0,2021-04-01,2021-04-01 04:12:00,,"Y","Y",2.0,C,"Y","Y",2.0,C,"Y","Y",2.0,C,"Y","Y",2.0,C,"Y","Y",2.0,C,"Y","Y",2.0,C,"Y","Y",2.0,C,"Y","Y",2.0,C,"Y","Y",2.0,C,"Y","Y",2.0,C,"Y","Y",2.0,C,"Y","Y",2.0,C,"Y","Y",2.0,C,"Y","Y",2.0,C,"N","Y",1.0,P,"N","Y",1.0,P,"N","Y",1.0,P,"N","Y",1.0,P,"N","Y",1.0,P,"N","Y",1.0,P
"cpr practical 2020/2","",,,6330112066,,40.0,40.0,100.0,2021-04-01,2021-04-01 04:12:00,,"Y","Y",2.0,C,"Y","Y",2.0,C,"Y","Y",2.0,C,"Y","Y",2.0,C,"Y","Y",2.0,C,"Y","Y",2.0,C,"Y","Y",2.0,C,"Y","Y",2.0,C,"Y","Y",2.0,C,"Y","Y",2.0,C,"Y","Y",2.0,C,"Y","Y",2.0,C,"Y","Y",2.0,C,"Y","Y",2.0,C,"Y","Y",2.0,C,"Y","Y",2.0,C,"Y","Y",2.0,C,"Y","Y",2.0,C,"Y","Y",2.0,C,"Y","Y",2.0,C
"cpr practical 2020/2","",,,6330112083,,40.0,40.0,100.0,2021-04-01,2021-04-01 04:12:00,,"Y","Y",2.0,C,"Y","Y",2.0,C,"Y","Y",2.0,C,"Y","Y",2.0,C,"Y","Y",2.0,C,"Y","Y",2.0,C,"Y","Y",2.0,C,"Y","Y",2.0,C,"Y","Y",2.0,C,"Y","Y",2.0,C,"Y","Y",2.0,C,"Y","Y",2.0,C,"Y","Y",2.0,C,"Y","Y",2.0,C,"Y","Y",2.0,C,"Y","Y",2.0,C,"Y","Y",2.0,C,"Y","Y",2.0,C,"Y","Y",2.0,C,"Y","Y",2.0,C
"cpr practical 2020/2","",,,6330112084,,40.0,40.0,100.0,2021-04-01,2021-04-01 04:12:00,,"Y","Y",2.0,C,"Y","Y",2.0,C,"Y","Y",2.0,C,"Y","Y",2.0,C,"Y","Y",2.0,C,"Y","Y",2.0,C,"Y","Y",2.0,C,"Y","Y",2.0,C,"Y","Y",2.0,C,"Y","Y",2.0,C,"Y","Y",2.0,C,"Y","Y",2.0,C,"Y","Y",2.0,C,"Y","Y",2.0,C,"Y","Y",2.0,C,"Y","Y",2.0,C,"Y","Y",2.0,C,"Y","Y",2.0,C,"Y","Y",2.0,C,"Y","Y",2.0,C
"cpr practical 2020/2","",,,6330113012,,40.0,40.0,100.0,2021-04-01,2021-04-01 04:12:00,,"Y","Y",2.0,C,"Y","Y",2.0,C,"Y","Y",2.0,C,"Y","Y",2.0,C,"Y","Y",2.0,C,"Y","Y",2.0,C,"Y","Y",2.0,C,"Y","Y",2.0,C,"Y","Y",2.0,C,"Y","Y",2.0,C,"Y","Y",2.0,C,"Y","Y",2.0,C,"Y","Y",2.0,C,"Y","Y",2.0,C,"Y","Y",2.0,C,"Y","Y",2.0,C,"Y","Y",2.0,C,"Y","Y",2.0,C,"Y","Y",2.0,C,"Y","Y",2.0,C
"cpr practical 2020/2","",,,6330113003,,40.0,40.0,100.0,2021-04-01,2021-04-01 04:12:00,,"Y","Y",2.0,C,"Y","Y",2.0,C,"Y","Y",2.0,C,"Y","Y",2.0,C,"Y","Y",2.0,C,"Y","Y",2.0,C,"Y","Y",2.0,C,"Y","Y",2.0,C,"Y","Y",2.0,C,"Y","Y",2.0,C,"Y","Y",2.0,C,"Y","Y",2.0,C,"Y","Y",2.0,C,"Y","Y",2.0,C,"Y","Y",2.0,C,"Y","Y",2.0,C,"Y","Y",2.0,C,"Y","Y",2.0,C,"Y","Y",2.0,C,"Y","Y",2.0,C
"cpr practical 2020/2","",,,6330113005,,40.0,40.0,100.0,2021-04-01,2021-04-01 04:12:00,,"Y","Y",2.0,C,"Y","Y",2.0,C,"Y","Y",2.0,C,"Y","Y",2.0,C,"Y","Y",2.0,C,"Y","Y",2.0,C,"Y","Y",2.0,C,"Y","Y",2.0,C,"Y","Y",2.0,C,"Y","Y",2.0,C,"Y","Y",2.0,C,"Y","Y",2.0,C,"Y","Y",2.0,C,"Y","Y",2.0,C,"Y","Y",2.0,C,"Y","Y",2.0,C,"Y","Y",2.0,C,"Y","Y",2.0,C,"Y","Y",2.0,C,"Y","Y",2.0,C
"cpr practical 2020/2","",,,6330112048,,38.0,40.0,95.0,2021-04-01,2021-04-01 04:12:00,,"Y","Y",2.0,C,"Y","Y",2.0,C,"Y","Y",2.0,C,"Y","Y",2.0,C,"Y","Y",2.0,C,"Y","Y",2.0,C,"Y","Y",2.0,C,"Y","Y",2.0,C,"Y","Y",2.0,C,"Y","Y",2.0,C,"Y","Y",2.0,C,"Y","Y",2.0,C,"Y","Y",2.0,C,"Y","Y",2.0,C,"Y","Y",2.0,C,"Y","Y",2.0,C,"Y","Y",2.0,C,"N","Y",1.0,P,"N","Y",1.0,P,"Y","Y",2.0,C
"cpr practical 2020/2","",,,6330112032,,40.0,40.0,100.0,2021-04-01,2021-04-01 04:12:00,,"Y","Y",2.0,C,"Y","Y",2.0,C,"Y","Y",2.0,C,"Y","Y",2.0,C,"Y","Y",2.0,C,"Y","Y",2.0,C,"Y","Y",2.0,C,"Y","Y",2.0,C,"Y","Y",2.0,C,"Y","Y",2.0,C,"Y","Y",2.0,C,"Y","Y",2.0,C,"Y","Y",2.0,C,"Y","Y",2.0,C,"Y","Y",2.0,C,"Y","Y",2.0,C,"Y","Y",2.0,C,"Y","Y",2.0,C,"Y","Y",2.0,C,"Y","Y",2.0,C
"cpr practical 2020/2","",,,6330112006,,40.0,40.0,100.0,2021-04-01,2021-04-01 04:12:00,,"Y","Y",2.0,C,"Y","Y",2.0,C,"Y","Y",2.0,C,"Y","Y",2.0,C,"Y","Y",2.0,C,"Y","Y",2.0,C,"Y","Y",2.0,C,"Y","Y",2.0,C,"Y","Y",2.0,C,"Y","Y",2.0,C,"Y","Y",2.0,C,"Y","Y",2.0,C,"Y","Y",2.0,C,"Y","Y",2.0,C,"Y","Y",2.0,C,"Y","Y",2.0,C,"Y","Y",2.0,C,"Y","Y",2.0,C,"Y","Y",2.0,C,"Y","Y",2.0,C
"cpr practical 2020/2","",,,6330112078,,35.0,40.0,87.5,2021-04-01,2021-04-01 04:12:00,,"Y","Y",2.0,C,"Y","Y",2.0,C,"Y","Y",2.0,C,"Y","Y",2.0,C,"Y","Y",2.0,C,"Y","Y",2.0,C,"Y","Y",2.0,C,"Y","Y",2.0,C,"Y","Y",2.0,C,"N","Y",1.0,P,"Y","Y",2.0,C,"Y","Y",2.0,C,"N","Y",1.0,P,"N","Y",1.0,P,"Y","Y",2.0,C,"Y","Y",2.0,C,"Y","Y",2.0,C,"N","Y",1.0,P,"N","Y",1.0,P,"Y","Y",2.0,C
"cpr practical 2020/2","",,,6330112004,,35.0,40.0,87.5,2021-04-01,2021-04-01 04:12:00,,"Y","Y",2.0,C,"Y","Y",2.0,C,"Y","Y",2.0,C,"Y","Y",2.0,C,"Y","Y",2.0,C,"Y","Y",2.0,C,"Y","Y",2.0,C,"Y","Y",2.0,C,"Y","Y",2.0,C,"N","Y",1.0,P,"Y","Y",2.0,C,"Y","Y",2.0,C,"N","Y",1.0,P,"N","Y",1.0,P,"Y","Y",2.0,C,"Y","Y",2.0,C,"Y","Y",2.0,C,"N","Y",1.0,P,"N","Y",1.0,P,"Y","Y",2.0,C
"cpr practical 2020/2","",,,6330112071,,35.0,40.0,87.5,2021-04-01,2021-04-01 04:12:00,,"Y","Y",2.0,C,"Y","Y",2.0,C,"Y","Y",2.0,C,"Y","Y",2.0,C,"Y","Y",2.0,C,"Y","Y",2.0,C,"Y","Y",2.0,C,"Y","Y",2.0,C,"Y","Y",2.0,C,"N","Y",1.0,P,"Y","Y",2.0,C,"Y","Y",2.0,C,"N","Y",1.0,P,"N","Y",1.0,P,"Y","Y",2.0,C,"Y","Y",2.0,C,"Y","Y",2.0,C,"N","Y",1.0,P,"N","Y",1.0,P,"Y","Y",2.0,C