"First name",Surname,"ID number",Institution,Department,"Email address","Practical test (Real)","Practical test (Percentage)","Practical test (Letter)","Written test (Real)","Written test (Percentage)","Written test (Letter)","Certification (Real)","Certification (Percentage)","Certification (Letter)","Course total (Real)","Course total (Percentage)","Course total (Letter)","Last downloaded from this course"
"HSU ZAR WAI HNIN",-,6630111039,,,6630111039@email.psu.ac.th,100.00,"100.00 %",A,86.00,"86.00 %",B+,,,,93.00,"93.00 %",A,1730371161
Nurulizzah,Ahwae,6430611027,,,6430611027@email.psu.ac.th,100.00,"100.00 %",A,68.00,"68.00 %",D+,,,,84.00,"84.00 %",B,1730371161
TANAPON,AJJANAKITTI,6630211011,,,6630211011@email.psu.ac.th,97.50,"97.50 %",A,70.00,"70.00 %",C,,,,83.75,"83.75 %",B,1730371161
"JAIZEE REIGNE",AMBROSIO,6630111021,,,6630111021@email.psu.ac.th,100.00,"100.00 %",A,88.00,"88.00 %",B+,,,,94.00,"94.00 %",A,1730371161
WARISARA,AOLUKNOI,6530212006,,,6530212006@email.psu.ac.th,97.50,"97.50 %",A,68.00,"68.00 %",D+,,,,82.75,"82.75 %",B,1730371161
CHONCHANOK,APIBUNCHAI,6630111027,,,6630111027@email.psu.ac.th,100.00,"100.00 %",A,76.00,"76.00 %",C+,,,,88.00,"88.00 %",B+,1730371161
Worathan,Atthakarnwikai,6430611043,,,s6430611043@phuket.psu.ac.th,95.00,"95.00 %",A,80.00,"80.00 %",B,,,,87.50,"87.50 %",B+,1730371161
Theerawat,Boonsan,6430613009,,,6430613009@email.psu.ac.th,100.00,"100.00 %",A,86.00,"86.00 %",B+,,,,93.00,"93.00 %",A,1730371161
Pannathat,Boonthanachai,6630111031,,,6630111031@email.psu.ac.th,100.00,"100.00 %",A,78.00,"78.00 %",C+,,,,89.00,"89.00 %",B+,1730371161
PREMKAMON,BUTSAMBOR,6630213007,,,6630213007@email.psu.ac.th,100.00,"100.00 %",A,74.00,"74.00 %",C,,,,87.00,"87.00 %",B+,1730371161
SUCHITTRA,CHALICHINWAT,6630213015,,,6630213015@email.psu.ac.th,100.00,"100.00 %",A,82.00,"82.00 %",B,,,,91.00,"91.00 %",A,1730371161
SIRIRAN,CHANAPHON,6630213017,,,6630213017@email.psu.ac.th,100.00,"100.00 %",A,78.00,"78.00 %",C+,,,,89.00,"89.00 %",B+,1730371161
Anchisa,Changsutja,6430611063,,,6430611063@email.psu.ac.th,97.50,"97.50 %",A,74.00,"74.00 %",C,,,,85.75,"85.75 %",B+,1730371161
SIRIGORN,CHANHUN,6630111009,,,6630111009@email.psu.ac.th,-,-,-,80.00,"80.00 %",B,,,,80.00,"80.00 %",B,1730371161
Kanyapat,Chankuea,6430611018,,,6430611018@email.psu.ac.th,100.00,"100.00 %",A,80.00,"80.00 %",B,,,,90.00,"90.00 %",A,1730371161
PIYATIDA,CHANOODHOM,6630213016,,,6630213016@email.psu.ac.th,100.00,"100.00 %",A,86.00,"86.00 %",B+,,,,93.00,"93.00 %",A,1730371161
YADAPA,CHANTARAPAN,6630314011,,,6630314011@email.psu.ac.th,100.00,"100.00 %",A,64.00,"64.00 %",D+,,,,82.00,"82.00 %",B,1730371161
Nonthakorn,Chareankit,6430611030,,,6430611030@email.psu.ac.th,100.00,"100.00 %",A,78.00,"78.00 %",C+,,,,89.00,"89.00 %",B+,1730371161
WANHIDA,CHESOH,6630213028,,,6630213028@email.psu.ac.th,100.00,"100.00 %",A,74.00,"74.00 %",C,,,,87.00,"87.00 %",B+,1730371161
Warodom,Chodchoi,6430611042,,,6430611042@email.psu.ac.th,100.00,"100.00 %",A,74.00,"74.00 %",C,,,,87.00,"87.00 %",B+,1730371161
THANAKRIT,CHOKKUE,6630111010,,,6630111010@email.psu.ac.th,100.00,"100.00 %",A,72.00,"72.00 %",C,,,,86.00,"86.00 %",B+,1730371161
PARAWADEE,CHOOMAI,6630314012,,,6630314012@email.psu.ac.th,100.00,"100.00 %",A,72.00,"72.00 %",C,,,,86.00,"86.00 %",B+,1730371161
Pakorn,Choopaiboon,6430611048,,,6430611048@email.psu.ac.th,95.00,"95.00 %",A,74.00,"74.00 %",C,,,,84.50,"84.50 %",B+,1730371161
Naphat,Chualaowanich,6430611045,,,6430611045@email.psu.ac.th,100.00,"100.00 %",A,84.00,"84.00 %",B,,,,92.00,"92.00 %",A,1730371161
PHUWANAT,CHUKHAN,6630311034,,,6630311034@email.psu.ac.th,-,-,-,80.00,"80.00 %",B,,,,80.00,"80.00 %",B,1730371161
ABDULHAFIS,CHUKUEA,6630212012,,,6630212012@email.psu.ac.th,100.00,"100.00 %",A,62.00,"62.00 %",D+,,,,81.00,"81.00 %",B,1730371161
WACHIRAVIT,CHUMCHUAY,6430613036,,,6430613036@email.psu.ac.th,100.00,"100.00 %",A,90.00,"90.00 %",A,,,,95.00,"95.00 %",A,1730371161
Chayanon,Chumpai,6430611046,,,6430611046@email.psu.ac.th,97.50,"97.50 %",A,78.00,"78.00 %",C+,,,,87.75,"87.75 %",B+,1730371161
VASILII,DEMENTEV,6430613002,,,6430613002@email.psu.ac.th,100.00,"100.00 %",A,86.00,"86.00 %",B+,,,,93.00,"93.00 %",A,1730371161
THANYAPORN,DETCHANG,6630213035,,,6630213035@email.psu.ac.th,100.00,"100.00 %",A,80.00,"80.00 %",B,,,,90.00,"90.00 %",A,1730371161
THITIKARN,DUNGKHUANG,6630212011,,,6630212011@email.psu.ac.th,97.50,"97.50 %",A,66.00,"66.00 %",D+,,,,81.75,"81.75 %",B,1730371161
SHUNYA,ENDO,6430613024,,,6430613024@email.psu.ac.th,100.00,"100.00 %",A,72.00,"72.00 %",C,,,,86.00,"86.00 %",B+,1730371161
KANOKRAT,ENGCHUAN,6630212014,,,6630212014@email.psu.ac.th,97.50,"97.50 %",A,80.00,"80.00 %",B,,,,88.75,"88.75 %",B+,1730371161
DAVID,FAULHAMMER,6430611002,,,6430611002@email.psu.ac.th,97.50,"97.50 %",A,-,-,-,,,,0.00,"0.00 %",E,1730371161
KHAMIN,GOOSSENS,6630112007,,,6630112007@email.psu.ac.th,100.00,"100.00 %",A,66.00,"66.00 %",D+,,,,83.00,"83.00 %",B,1730371161
FUTIAN,HAN,6330112102,,,6330112102@email.psu.ac.th,100.00,"100.00 %",A,66.00,"66.00 %",D+,,,,83.00,"83.00 %",B,1730371161
"NICKI JULIUS",HARTMANN,6430613023,,,6430613023@email.psu.ac.th,100.00,"100.00 %",A,86.00,"86.00 %",B+,,,,93.00,"93.00 %",A,1730371161
PATTARAWADEE,HOMHUAL,6630111006,,,6630111006@email.psu.ac.th,100.00,"100.00 %",A,76.00,"76.00 %",C+,,,,88.00,"88.00 %",B+,1730371161
Sapondanu,Hungsavanus,6430611012,,,s6430611012@phuket.psu.ac.th,97.50,"97.50 %",A,74.00,"74.00 %",C,,,,85.75,"85.75 %",B+,1730371161
KITTIPHOL,IAMTHEERAKUN,6630311058,,,6630311058@email.psu.ac.th,-,-,-,-,-,-,,,,-,-,-,1730371161
Chadtawan,Imarb,6430611001,,,6430611001@email.psu.ac.th,97.50,"97.50 %",A,66.00,"66.00 %",D+,,,,81.75,"81.75 %",B,1730371161
Ananda,Intasing,6430611039,,,s6430611039@phuket.psu.ac.th,100.00,"100.00 %",A,92.00,"92.00 %",A,,,,96.00,"96.00 %",A,1730371161
JIRATCHAYA,INTHACHAK,6630111016,,,6630111016@email.psu.ac.th,100.00,"100.00 %",A,88.00,"88.00 %",B+,,,,94.00,"94.00 %",A,1730371161
LALITA,IQBAL,6630111005,,,6630111005@email.psu.ac.th,100.00,"100.00 %",A,74.00,"74.00 %",C,,,,87.00,"87.00 %",B+,1730371161
Achita,Jintaphithak,6430611021,,,s6430611021@phuket.psu.ac.th,100.00,"100.00 %",A,-,-,-,,,,0.00,"0.00 %",E,1730371161
PHUBHODEE,JUNMANEE,6430613032,,,6430613032@email.psu.ac.th,100.00,"100.00 %",A,92.00,"92.00 %",A,,,,96.00,"96.00 %",A,1730371161
KANOKPHON,KAEOKUEAKUN,6630213008,,,6630213008@email.psu.ac.th,100.00,"100.00 %",A,76.00,"76.00 %",C+,,,,88.00,"88.00 %",B+,1730371161
Tanmika,Kaewklay,6430611057,,,6430611057@email.psu.ac.th,100.00,"100.00 %",A,72.00,"72.00 %",C,,,,86.00,"86.00 %",B+,1730371161
PIYAPON,KEATKAEW,6630213043,,,6630213043@email.psu.ac.th,100.00,"100.00 %",A,82.00,"82.00 %",B,,,,91.00,"91.00 %",A,1730371161
ARITAT,KEAWPIMON,6630111004,,,6630111004@email.psu.ac.th,97.50,"97.50 %",A,70.00,"70.00 %",C,,,,83.75,"83.75 %",B,1730371161
Chayaphon,Keawpradub,6430611047,,,6430611047@email.psu.ac.th,100.00,"100.00 %",A,66.00,"66.00 %",D+,,,,83.00,"83.00 %",B,1730371161
Autchariyaâ€‹,Khongphon,6430111009,,,6430111009@email.psu.ac.th,100.00,"100.00 %",A,-,-,-,,,,0.00,"0.00 %",E,1730371161
NANTANA,KIKKAM,6630213045,,,6630213045@email.psu.ac.th,100.00,"100.00 %",A,90.00,"90.00 %",A,,,,95.00,"95.00 %",A,1730371161
Vipop,Kingpayome,6430611064,,,s6430611064@phuket.psu.ac.th,97.50,"97.50 %",A,76.00,"76.00 %",C+,,,,86.75,"86.75 %",B+,1730371161
Kunakorn,Klapprasit,6430611022,,,6430611022@email.psu.ac.th,100.00,"100.00 %",A,78.00,"78.00 %",C+,,,,89.00,"89.00 %",B+,1730371161
NATIKORN,KLAWIKKARN,6630311002,,,6630311002@email.psu.ac.th,-,-,-,68.00,"68.00 %",D+,,,,68.00,"68.00 %",D+,1730371161
CHANANCHIDA,KLOMCHONLATAN,6630213003,,,6630213003@email.psu.ac.th,100.00,"100.00 %",A,92.00,"92.00 %",A,,,,96.00,"96.00 %",A,1730371161
Thanaporn,Kosathip,6430613006,,,6430613006@email.psu.ac.th,97.50,"97.50 %",A,-,-,-,,,,0.00,"0.00 %",E,1730371161
Amornthep,Kureka,6430611051,,,6430611051@email.psu.ac.th,97.50,"97.50 %",A,82.00,"82.00 %",B,,,,89.75,"89.75 %",A,1730371161
KETKANOK,KWANGTUNG,6630213018,,,6630213018@email.psu.ac.th,100.00,"100.00 %",A,84.00,"84.00 %",B,,,,92.00,"92.00 %",A,1730371161
Ekkasan,Ladapromthong,6430611020,,,s6430611020@phuket.psu.ac.th,100.00,"100.00 %",A,82.00,"82.00 %",B,,,,91.00,"91.00 %",A,1730371161
Sarayut,Lama,6430611054,"Prince Of Songkhla University (Phuket)",,6430611054@email.psu.ac.th,97.50,"97.50 %",A,46.00,"46.00 %",E,,,,71.75,"71.75 %",C,1730371161
SIYU,LIU,6630111025,,,6630111025@email.psu.ac.th,100.00,"100.00 %",A,68.00,"68.00 %",D+,,,,84.00,"84.00 %",B,1730371161
Parita,Lohpattanakij,6430611026,,,s6430611026@phuket.psu.ac.th,100.00,"100.00 %",A,82.00,"82.00 %",B,,,,91.00,"91.00 %",A,1730371161
ABDOLLOH,MAD-ADAM,6630213002,,,6630213002@email.psu.ac.th,97.50,"97.50 %",A,66.00,"66.00 %",D+,,,,81.75,"81.75 %",B,1730371161
Kanyarat,Makchai,6430611065,,,6430611065@email.psu.ac.th,97.50,"97.50 %",A,88.00,"88.00 %",B+,,,,92.75,"92.75 %",A,1730371161
Natthawut,Makkha,6430611007,,,6430611007@email.psu.ac.th,100.00,"100.00 %",A,72.00,"72.00 %",C,,,,86.00,"86.00 %",B+,1730371161
Woraphon,Maliwong,6430611011,,,6430611011@email.psu.ac.th,100.00,"100.00 %",A,86.00,"86.00 %",B+,,,,93.00,"93.00 %",A,1730371161
WARATCHAYA,MANEEROT,6630213004,,,6630213004@email.psu.ac.th,97.50,"97.50 %",A,90.00,"90.00 %",A,,,,93.75,"93.75 %",A,1730371161
Kotchapan,Muneeprom,6430611015,,,s6430611015@phuket.psu.ac.th,100.00,"100.00 %",A,80.00,"80.00 %",B,,,,90.00,"90.00 %",A,1730371161
THITIYA,NAKPHONGPHAK,6630213012,,,6630213012@email.psu.ac.th,95.00,"95.00 %",A,84.00,"84.00 %",B,,,,89.50,"89.50 %",A,1730371161
THANAPORN,NAKSAWAT,6630213023,,,6630213023@email.psu.ac.th,100.00,"100.00 %",A,68.00,"68.00 %",D+,,,,84.00,"84.00 %",B,1730371161
PANFAN,NAKTHONG,6630111032,,,6630111032@email.psu.ac.th,100.00,"100.00 %",A,80.00,"80.00 %",B,,,,90.00,"90.00 %",A,1730371161
NATSIMA,NARKSAWAT,6630213022,,,6630213022@email.psu.ac.th,100.00,"100.00 %",A,84.00,"84.00 %",B,,,,92.00,"92.00 %",A,1730371161
Nattaphat,Nitikunanon,6430611035,,,6430611035@email.psu.ac.th,100.00,"100.00 %",A,70.00,"70.00 %",C,,,,85.00,"85.00 %",B+,1730371161
ADITHEP,NIYOMBUNDITH,6530311064,,,6530311064@email.psu.ac.th,100.00,"100.00 %",A,90.00,"90.00 %",A,,,,95.00,"95.00 %",A,1730371161
Natpakan,Noosomton,6430611019,,,6430611019@email.psu.ac.th,100.00,"100.00 %",A,80.00,"80.00 %",B,,,,90.00,"90.00 %",A,1730371161
JETSADAPORN,NOUJANGHAN,6430613014,,,6430613014@email.psu.ac.th,100.00,"100.00 %",A,76.00,"76.00 %",C+,,,,88.00,"88.00 %",B+,1730371161
WARAPORN,NUTBUT,6630213001,,,6630213001@email.psu.ac.th,97.50,"97.50 %",A,90.00,"90.00 %",A,,,,93.75,"93.75 %",A,1730371161
PIMLAPAT,ONCHAT,6630312010,,,6630312010@email.psu.ac.th,100.00,"100.00 %",A,68.00,"68.00 %",D+,,,,84.00,"84.00 %",B,1730371161
SOMPOD,ONJANOB,6630212004,,,6630212004@email.psu.ac.th,100.00,"100.00 %",A,74.00,"74.00 %",C,,,,87.00,"87.00 %",B+,1730371161
LAKSIMAN,ONKRENG,6430611034,,,6430611034@email.psu.ac.th,100.00,"100.00 %",A,-,-,-,,,,0.00,"0.00 %",E,1730371161
SUPPATTRA,ONTONGSOOK,6630213029,,,6630213029@email.psu.ac.th,100.00,"100.00 %",A,88.00,"88.00 %",B+,,,,94.00,"94.00 %",A,1730371161
CHOMPHUNUT,PAKATANG,6630213042,,,6630213042@email.psu.ac.th,100.00,"100.00 %",A,84.00,"84.00 %",B,,,,92.00,"92.00 %",A,1730371161
Wisa,Paludphom,6430611038,,,6430611038@email.psu.ac.th,100.00,"100.00 %",A,68.00,"68.00 %",D+,,,,84.00,"84.00 %",B,1730371161
Pavidporn,Panjarak,6430611016,,,6430611016@email.psu.ac.th,100.00,"100.00 %",A,94.00,"94.00 %",A,,,,97.00,"97.00 %",A,1730371161
NIKITA,PANOV,6630111038,,,6630111038@email.psu.ac.th,100.00,"100.00 %",A,82.00,"82.00 %",B,,,,91.00,"91.00 %",A,1730371161
Teesutar,Parnrong,6430611017,,,6430611017@email.psu.ac.th,100.00,"100.00 %",A,66.00,"66.00 %",D+,,,,83.00,"83.00 %",B,1730371161
NICHAPA,PETCHARANON,6630212008,,,6630212008@email.psu.ac.th,97.50,"97.50 %",A,68.00,"68.00 %",D+,,,,82.75,"82.75 %",B,1730371161
SIRIWIMONWAN,PHAENGYOTHA,6630211003,,,6630211003@email.psu.ac.th,97.50,"97.50 %",A,74.00,"74.00 %",C,,,,85.75,"85.75 %",B+,1730371161
Sarawut,Phlaichana,6430611052,,,6430611052@email.psu.ac.th,100.00,"100.00 %",A,74.00,"74.00 %",C,,,,87.00,"87.00 %",B+,1730371161
Naphadon,Phokabut,6430611055,,,s6430611055@phuket.psu.ac.th,97.50,"97.50 %",A,78.00,"78.00 %",C+,,,,87.75,"87.75 %",B+,1730371161
Nantaporn,Phunkoat,6430611014,,,6430611014@email.psu.ac.th,100.00,"100.00 %",A,84.00,"84.00 %",B,,,,92.00,"92.00 %",A,1730371161
Nutkamon,Phunturat,6430611003,,,6430611003@email.psu.ac.th,100.00,"100.00 %",A,86.00,"86.00 %",B+,,,,93.00,"93.00 %",A,1730371161
Jarupong,Plodtong,6430613010,,,6430613010@email.psu.ac.th,97.50,"97.50 %",A,86.00,"86.00 %",B+,,,,91.75,"91.75 %",A,1730371161
Maskanda,Pohmae,6430611049,,,6430611049@email.psu.ac.th,100.00,"100.00 %",A,86.00,"86.00 %",B+,,,,93.00,"93.00 %",A,1730371161
Naris,Pomseranee,6430611061,,,6430611061@email.psu.ac.th,-,-,-,-,-,-,,,,-,-,-,1730371161
CHIRATCHAYA,RATTANAKAEW,6630213019,,,6630213019@email.psu.ac.th,100.00,"100.00 %",A,84.00,"84.00 %",B,,,,92.00,"92.00 %",A,1730371161
ORASA,RATTANAPHAN,6630213030,,,6630213030@email.psu.ac.th,100.00,"100.00 %",A,82.00,"82.00 %",B,,,,91.00,"91.00 %",A,1730371161
Chayanon,Rodkeaw,6430613015,,,6430613015@email.psu.ac.th,100.00,"100.00 %",A,84.00,"84.00 %",B,,,,92.00,"92.00 %",A,1730371161
Aphisara,Rodpai,6430611004,,,6430611004@email.psu.ac.th,100.00,"100.00 %",A,88.00,"88.00 %",B+,,,,94.00,"94.00 %",A,1730371161
CHITPINAN,RUCHIRACHAINAN,6630111013,,,6630111013@email.psu.ac.th,-,-,-,-,-,-,,,,-,-,-,1730371161
THANYAPAT,RUJIRACHAINAN,6630111014,,,6630111014@email.psu.ac.th,-,-,-,-,-,-,,,,-,-,-,1730371161
Supachai,Saehua,6730315024,,,6730315024@psu.ac.th,-,-,-,-,-,-,,,,-,-,-,1730371161
Kritsana,Saikhirin,6430611023,,,6430611023@email.psu.ac.th,100.00,"100.00 %",A,82.00,"82.00 %",B,,,,91.00,"91.00 %",A,1730371161
WANICHAYA,SALAMAN,6630315012,,,6630315012@email.psu.ac.th,-,-,-,-,-,-,,,,-,-,-,1730371161
WORARIT,SAMAT,6630213044,,,6630213044@email.psu.ac.th,100.00,"100.00 %",A,74.00,"74.00 %",C,,,,87.00,"87.00 %",B+,1730371161
NATTHANICHA,SANGKHAPAN,6630211012,,,6630211012@email.psu.ac.th,100.00,"100.00 %",A,82.00,"82.00 %",B,,,,91.00,"91.00 %",A,1730371161
PETCHARAT,SANGSAPPAN,6630111012,,,6630111012@email.psu.ac.th,100.00,"100.00 %",A,90.00,"90.00 %",A,,,,95.00,"95.00 %",A,1730371161
CHONNIKAN,SANGUANNAM,6630211006,,,6630211006@email.psu.ac.th,97.50,"97.50 %",A,78.00,"78.00 %",C+,,,,87.75,"87.75 %",B+,1730371161
Khanittha,Sarkim,6630213033,,,6630213033@email.psu.ac.th,97.50,"97.50 %",A,74.00,"74.00 %",C,,,,85.75,"85.75 %",B+,1730371161
THANAWAN,SERMSUT,6630313005,,,6630313005@email.psu.ac.th,100.00,"100.00 %",A,88.00,"88.00 %",B+,,,,94.00,"94.00 %",A,1730371161
BANJAMAT,SORNLOY,6630213024,,,6630213024@email.psu.ac.th,100.00,"100.00 %",A,78.00,"78.00 %",C+,,,,89.00,"89.00 %",B+,1730371161
THAMONWAN,SRIRAK,6630213034,,,6630213034@email.psu.ac.th,97.50,"97.50 %",A,76.00,"76.00 %",C+,,,,86.75,"86.75 %",B+,1730371161
SIRIRAT,SUCHATPONG,6630111019,,,6630111019@email.psu.ac.th,100.00,"100.00 %",A,72.00,"72.00 %",C,,,,86.00,"86.00 %",B+,1730371161
A-chira,Suksamor,6630213040,,,6630213040@email.psu.ac.th,100.00,"100.00 %",A,66.00,"66.00 %",D+,,,,83.00,"83.00 %",B,1730371161
Naphat,Sungnoo,6430613028,,,6430613028@email.psu.ac.th,97.50,"97.50 %",A,72.00,"72.00 %",C,,,,84.75,"84.75 %",B+,1730371161
YASUKAZU,SUWA,6430613026,,,6430613026@email.psu.ac.th,100.00,"100.00 %",A,70.00,"70.00 %",C,,,,85.00,"85.00 %",B+,1730371161
PAKORN,SUWANKAYEE,6630211005,,,6630211005@email.psu.ac.th,100.00,"100.00 %",A,74.00,"74.00 %",C,,,,87.00,"87.00 %",B+,1730371161
Kewarin,Suwanlo,6430611037,,,6430611037@email.psu.ac.th,97.50,"97.50 %",A,82.00,"82.00 %",B,,,,89.75,"89.75 %",A,1730371161
Chanon,Suwanthawee,6430611050,,,6430611050@email.psu.ac.th,95.00,"95.00 %",A,64.00,"64.00 %",D+,,,,79.50,"79.50 %",B,1730371161
Thanathat,Tangchitnob,6430611066,,,6430611066@email.psu.ac.th,97.50,"97.50 %",A,72.00,"72.00 %",C,,,,84.75,"84.75 %",B+,1730371161
Phakkapol,Tantiplubthong,6430611032,,,s6430611032@phuket.psu.ac.th,100.00,"100.00 %",A,80.00,"80.00 %",B,,,,90.00,"90.00 %",A,1730371161
Sirihathai,Tantitreeyan,6430611013,,,6430611013@email.psu.ac.th,100.00,"100.00 %",A,80.00,"80.00 %",B,,,,90.00,"90.00 %",A,1730371161
AKARACHA,THANTADAPAN,6630213013,,,6630213013@email.psu.ac.th,97.50,"97.50 %",A,72.00,"72.00 %",C,,,,84.75,"84.75 %",B+,1730371161
Thawichok,Thapakedae,6430611006,,,6430611006@email.psu.ac.th,100.00,"100.00 %",A,80.00,"80.00 %",B,,,,90.00,"90.00 %",A,1730371161
SIRAPHATSORN,THIAMCHOO,6630212013,,,6630212013@email.psu.ac.th,97.50,"97.50 %",A,64.00,"64.00 %",D+,,,,80.75,"80.75 %",B,1730371161
ARRIYA,THONGKUM,6630213031,,,6630213031@email.psu.ac.th,-,-,-,-,-,-,,,,-,-,-,1730371161
PRAEWA,THONGNIAM,6630211004,,,6630211004@email.psu.ac.th,97.50,"97.50 %",A,92.00,"92.00 %",A,,,,94.75,"94.75 %",A,1730371161
Wongsapat,Thongruang,6430611010,,,6430611010@email.psu.ac.th,100.00,"100.00 %",A,84.00,"84.00 %",B,,,,92.00,"92.00 %",A,1730371161
SAYAMON,THONGSOM,6630213014,,,6630213014@email.psu.ac.th,100.00,"100.00 %",A,82.00,"82.00 %",B,,,,91.00,"91.00 %",A,1730371161
Arpo,Thuandam,6430611067,,,6430611067@email.psu.ac.th,100.00,"100.00 %",A,90.00,"90.00 %",A,,,,95.00,"95.00 %",A,1730371161
JIRADECH,TIDA,6630212001,,,6630212001@email.psu.ac.th,100.00,"100.00 %",A,70.00,"70.00 %",C,,,,85.00,"85.00 %",B+,1730371161
NATTHAPHON,TRIPHONAKSON,6630212003,,,6630212003@email.psu.ac.th,100.00,"100.00 %",A,72.00,"72.00 %",C,,,,86.00,"86.00 %",B+,1730371161
SASICHA,VIBOONSUTAKIT,6630212017,,,6630212017@email.psu.ac.th,97.50,"97.50 %",A,76.00,"76.00 %",C+,,,,86.75,"86.75 %",B+,1730371161
PENPITCHA,WANGCHAI,6630111033,,,6630111033@email.psu.ac.th,100.00,"100.00 %",A,80.00,"80.00 %",B,,,,90.00,"90.00 %",A,1730371161
"SHAH FAISAL",WANI,6430613037,,,6430613037@email.psu.ac.th,100.00,"100.00 %",A,74.00,"74.00 %",C,,,,87.00,"87.00 %",B+,1730371161
Weerapat,Wannasutta,6430611040,,,6430611040@email.psu.ac.th,95.00,"95.00 %",A,76.00,"76.00 %",C+,,,,85.50,"85.50 %",B+,1730371161
PHATARASRI,WHANGCHAI,6630213026,,,6630213026@email.psu.ac.th,97.50,"97.50 %",A,72.00,"72.00 %",C,,,,84.75,"84.75 %",B+,1730371161
WORATHEP,WINYATTIKUL,6430613013,,,6430613013@email.psu.ac.th,100.00,"100.00 %",A,90.00,"90.00 %",A,,,,95.00,"95.00 %",A,1730371161
CHANUTKARN,WONGJINA,6630212005,,,6630212005@email.psu.ac.th,100.00,"100.00 %",A,70.00,"70.00 %",C,,,,85.00,"85.00 %",B+,1730371161
PASSARALUK,WONGSAWATSOT,6630213027,,,6630213027@email.psu.ac.th,100.00,"100.00 %",A,90.00,"90.00 %",A,,,,95.00,"95.00 %",A,1730371161
CHANAMON,WONGTAPPASAN,6630213009,,,6630213009@email.psu.ac.th,100.00,"100.00 %",A,86.00,"86.00 %",B+,,,,93.00,"93.00 %",A,1730371161
WACHIRAYA,WUTTISAK,6630111018,,,6630111018@email.psu.ac.th,100.00,"100.00 %",A,82.00,"82.00 %",B,,,,91.00,"91.00 %",A,1730371161
DONGDA,YANG,6630111026,,,6630111026@email.psu.ac.th,100.00,"100.00 %",A,82.00,"82.00 %",B,,,,91.00,"91.00 %",A,1730371161
HATHAIKAN,YUNUI,6630213005,,,6630213005@email.psu.ac.th,97.50,"97.50 %",A,82.00,"82.00 %",B,,,,89.75,"89.75 %",A,1730371161
ROJSURAT,YUSWAT,6630111015,,,6630111015@email.psu.ac.th,100.00,"100.00 %",A,68.00,"68.00 %",D+,,,,84.00,"84.00 %",B,1730371161
YANGYANG,ZHANG,6630111036,,,6630111036@email.psu.ac.th,100.00,"100.00 %",A,64.00,"64.00 %",D+,,,,82.00,"82.00 %",B,1730371161
JAUNIUS,ZULONAS,6530111037,,,6530111037@email.psu.ac.th,-,-,-,-,-,-,,,,-,-,-,1730371161
