"First name",Surname,"ID number",Institution,Department,"Email address","Quiz: Written test: 1st attempt (Real)","Quiz: Written test: 1st attempt (Percentage)","Quiz: Written test: 1st attempt (Letter)","Quiz: Written test: 2nd attempt (Real)","Quiz: Written test: 2nd attempt (Percentage)","Quiz: Written test: 2nd attempt (Letter)","Quiz: Written test: 3rd attempt (Real)","Quiz: Written test: 3rd attempt (Percentage)","Quiz: Written test: 3rd attempt (Letter)","Course total (Real)","Course total (Percentage)","Course total (Letter)","Last downloaded from this course"
Oragoch,Angsanam,6430612013,,,6430612013@email.psu.ac.th,31.00,"62.00 %",D+,30.00,"60.00 %",D+,29.00,"58.00 %",D,62.00,"62.00 %",D+,1651735149
"Supaporn Phinitchai",Aom,6430311025,,,6430311025@email.psu.ac.th,31.00,"62.00 %",D+,40.00,"80.00 %",B,46.00,"92.00 %",A,92.00,"92.00 %",A,1651735149
JIDAPA,AUSAVAPIROM,6430311073,,,6430311073@email.psu.ac.th,36.00,"72.00 %",C,33.00,"66.00 %",D+,49.00,"98.00 %",A,98.00,"98.00 %",A,1651735149
Sanchai,Buasang,6430311019,,,6430311019@email.psu.ac.th,-,-,-,-,-,-,-,-,-,-,-,-,1651735149
Ananya,Chantarawat,6430612012,,,6430612012@email.psu.ac.th,32.00,"64.00 %",D+,28.00,"56.00 %",D,44.00,"88.00 %",B+,88.00,"88.00 %",B+,1651735149
PINNAPAS,CHEUASANGA,6430612011,,,6430612011@email.psu.ac.th,35.00,"70.00 %",C,-,-,-,-,-,-,70.00,"70.00 %",C,1651735149
JIRATTIKAN,CHUAISRI,6430612017,,,6430612017@email.psu.ac.th,25.00,"50.00 %",D,34.00,"68.00 %",D+,47.00,"94.00 %",A,94.00,"94.00 %",A,1651735149
Korakot,Chuangwongphaisan,6430311027,,,6430311027@email.psu.ac.th,40.00,"80.00 %",B,40.00,"80.00 %",B,37.00,"74.00 %",C,80.00,"80.00 %",B,1651735149
YIRONG,DAI,6430311053,,,6430311053@email.psu.ac.th,31.00,"62.00 %",D+,30.00,"60.00 %",D+,34.00,"68.00 %",D+,68.00,"68.00 %",D+,1651735149
MEAK,DARO,6430612015,,,6430612015@email.psu.ac.th,27.00,"54.00 %",D,43.00,"86.00 %",B+,48.00,"96.00 %",A,96.00,"96.00 %",A,1651735149
ALHASSAN,DODAHSAE,6430311069,,,6430311069@email.psu.ac.th,31.00,"62.00 %",D+,-,-,-,37.00,"74.00 %",C,74.00,"74.00 %",C,1651735149
Thirada,Duangthongkun,6430311029,,,6430311029@email.psu.ac.th,43.00,"86.00 %",B+,43.00,"86.00 %",B+,42.00,"84.00 %",B,86.00,"86.00 %",B+,1651735149
THINLEY,GYELTSHEN,6430612016,,,6430612016@email.psu.ac.th,34.00,"68.00 %",D+,33.00,"66.00 %",D+,49.00,"98.00 %",A,98.00,"98.00 %",A,1651735149
FUTIAN,HAN,6330112102,,,6330112102@email.psu.ac.th,-,-,-,19.00,"38.00 %",E,19.00,"38.00 %",E,38.00,"38.00 %",E,1651735149
Natnicha,Inthawong,6430311004,,,6430311004@email.psu.ac.th,42.00,"84.00 %",B,41.00,"82.00 %",B,22.00,"44.00 %",E,84.00,"84.00 %",B,1651735149
XIANGMIN,JIANG,6430311066,,,6430311066@email.psu.ac.th,31.00,"62.00 %",D+,33.00,"66.00 %",D+,27.00,"54.00 %",D,66.00,"66.00 %",D+,1651735149
XINYU,JIANG,6430311054,,,6430311054@email.psu.ac.th,29.00,"58.00 %",D,-,-,-,47.00,"94.00 %",A,94.00,"94.00 %",A,1651735149
Nattharuja,Kamolnetr,6430311006,,,6430311006@email.psu.ac.th,36.00,"72.00 %",C,36.00,"72.00 %",C,30.00,"60.00 %",D+,72.00,"72.00 %",C,1651735149
SUKANYA,KERYTONG,6430311039,,,6430311039@email.psu.ac.th,43.00,"86.00 %",B+,44.00,"88.00 %",B+,41.00,"82.00 %",B,88.00,"88.00 %",B+,1651735149
Rangsima,Kongrod,6430311040,,,6430311040@email.psu.ac.th,35.00,"70.00 %",C,36.00,"72.00 %",C,35.00,"70.00 %",C,72.00,"72.00 %",C,1651735149
YOURONG,LI,6430311055,,,6430311055@email.psu.ac.th,31.00,"62.00 %",D+,29.00,"58.00 %",D,33.00,"66.00 %",D+,66.00,"66.00 %",D+,1651735149
YUCHEN,LI,6430311052,,,6430311052@email.psu.ac.th,32.00,"64.00 %",D+,-,-,-,31.00,"62.00 %",D+,64.00,"64.00 %",D+,1651735149
JINGFEI,LIANG,6430612023,,,6430612023@email.psu.ac.th,3.00,"6.00 %",E,39.00,"78.00 %",C+,-,-,-,78.00,"78.00 %",C+,1651735149
RUI,MA,6430311056,,,6430311056@email.psu.ac.th,37.00,"74.00 %",C,36.00,"72.00 %",C,35.00,"70.00 %",C,74.00,"74.00 %",C,1651735149
Natthaphat,Maholarn,6430311043,,,6430311043@email.psu.ac.th,32.00,"64.00 %",D+,39.00,"78.00 %",C+,48.00,"96.00 %",A,96.00,"96.00 %",A,1651735149
Kanthida,Muanruang,6430311035,,,6430311035@email.psu.ac.th,27.00,"54.00 %",D,-,-,-,47.00,"94.00 %",A,94.00,"94.00 %",A,1651735149
Taksin,Netharn,6430612005,,,6430612005@email.psu.ac.th,33.00,"66.00 %",D+,-,-,-,28.00,"56.00 %",D,66.00,"66.00 %",D+,1651735149
THIPPAPHA,NUISANGA,6430612003,,,6430612003@email.psu.ac.th,37.00,"74.00 %",C,42.00,"84.00 %",B,36.00,"72.00 %",C,84.00,"84.00 %",B,1651735149
Kamontip,Nupum,6430311031,,,6430311031@email.psu.ac.th,41.00,"82.00 %",B,42.00,"84.00 %",B,49.00,"98.00 %",A,98.00,"98.00 %",A,1651735149
Thanida,onkaew,6430612001,,,6430612001@email.psu.ac.th,44.00,"88.00 %",B+,43.00,"86.00 %",B+,45.00,"90.00 %",A,90.00,"90.00 %",A,1651735149
supawit,orachon,6430612018,,,6430612018@email.psu.ac.th,34.00,"68.00 %",D+,33.00,"66.00 %",D+,31.00,"62.00 %",D+,68.00,"68.00 %",D+,1651735149
ATHITAYA,PHROMRAKSA,6430311028,,,6430311028@email.psu.ac.th,43.00,"86.00 %",B+,43.00,"86.00 %",B+,44.00,"88.00 %",B+,88.00,"88.00 %",B+,1651735149
PARIMA,PROMJAN,6430311023,,,6430311023@email.psu.ac.th,39.00,"78.00 %",C+,47.00,"94.00 %",A,49.00,"98.00 %",A,98.00,"98.00 %",A,1651735149
Chitipatt,Pumpratheep,6430311003,,,6430311003@email.psu.ac.th,42.00,"84.00 %",B,44.00,"88.00 %",B+,39.00,"78.00 %",C+,88.00,"88.00 %",B+,1651735149
Lalida,Rattana,6430311011,,,6430311011@email.psu.ac.th,32.00,"64.00 %",D+,43.00,"86.00 %",B+,50.00,"100.00 %",A,100.00,"100.00 %",A,1651735149
Hathairat,Rattanothai,6430311015,,,6430311015@email.psu.ac.th,29.00,"58.00 %",D,42.00,"84.00 %",B,40.00,"80.00 %",B,84.00,"84.00 %",B,1651735149
TANTIGON,RUANGSAMUT,6430311022,,,6430311022@email.psu.ac.th,43.00,"86.00 %",B+,35.00,"70.00 %",C,48.00,"96.00 %",A,96.00,"96.00 %",A,1651735149
Kriangsak,Saemong,6430311036,,,6430311036@email.psu.ac.th,31.00,"62.00 %",D+,44.00,"88.00 %",B+,48.00,"96.00 %",A,96.00,"96.00 %",A,1651735149
Thanayot,Saenrach,6430311032,,,6430311032@email.psu.ac.th,-,-,-,37.00,"74.00 %",C,-,-,-,74.00,"74.00 %",C,1651735149
CHAN,SAEYANG,6430311071,,,6430311071@email.psu.ac.th,37.00,"74.00 %",C,38.00,"76.00 %",C+,41.00,"82.00 %",B,82.00,"82.00 %",B,1651735149
Thanyalak,Sangkharat,6430311041,,,6430311041@email.psu.ac.th,42.00,"84.00 %",B,42.00,"84.00 %",B,50.00,"100.00 %",A,100.00,"100.00 %",A,1651735149
PRIYAPHAT,SENKAN,6430612004,,,6430612004@email.psu.ac.th,38.00,"76.00 %",C+,47.00,"94.00 %",A,49.00,"98.00 %",A,98.00,"98.00 %",A,1651735149
SHUXIAN,SHAO,6430311057,,,6430311057@email.psu.ac.th,35.00,"70.00 %",C,27.00,"54.00 %",D,34.00,"68.00 %",D+,70.00,"70.00 %",C,1651735149
ELIZAVETA,SHUVALOVA,6430612024,,,6430612024@email.psu.ac.th,-,-,-,34.00,"68.00 %",D+,35.00,"70.00 %",C,70.00,"70.00 %",C,1651735149
Parada,Srimuk,6430612007,,,6430612007@email.psu.ac.th,-,-,-,24.00,"48.00 %",E,31.00,"62.00 %",D+,62.00,"62.00 %",D+,1651735149
Sarun,Suparp,6430612008,,,6430612008@email.psu.ac.th,33.00,"66.00 %",D+,34.00,"68.00 %",D+,28.00,"56.00 %",D,68.00,"68.00 %",D+,1651735149
kanyamart,tappbutr,6430612002,,,6430612002@email.psu.ac.th,31.00,"62.00 %",D+,31.00,"62.00 %",D+,-,-,-,62.00,"62.00 %",D+,1651735149
THANANYA,TASAKUL,6430311013,,,thananya7645@gmail.com,27.00,"54.00 %",D,43.00,"86.00 %",B+,48.00,"96.00 %",A,96.00,"96.00 %",A,1651735149
Soonyata,Thamang,6430311018,,,6430311018@email.psu.ac.th,43.00,"86.00 %",B+,41.00,"82.00 %",B,43.00,"86.00 %",B+,86.00,"86.00 %",B+,1651735149
CHOTIKA,THANINKULAPHAT,6430311002,,,6430311002@email.psu.ac.th,28.00,"56.00 %",D,39.00,"78.00 %",C+,49.00,"98.00 %",A,98.00,"98.00 %",A,1651735149
Thanida,Thanprapa,6430311008,,,6430311008@email.psu.ac.th,36.00,"72.00 %",C,41.00,"82.00 %",B,43.00,"86.00 %",B+,86.00,"86.00 %",B+,1651735149
Thiyada,Thongruang,6430311030,,,6430311030@email.psu.ac.th,35.00,"70.00 %",C,43.00,"86.00 %",B+,43.00,"86.00 %",B+,86.00,"86.00 %",B+,1651735149
Pinmukda,Tintan,6430311016,,,6430311016@email.psu.ac.th,32.00,"64.00 %",D+,31.00,"62.00 %",D+,29.00,"58.00 %",D,64.00,"64.00 %",D+,1651735149
HAOBO,WANG,6430311058,,,6430311058@email.psu.ac.th,32.00,"64.00 %",D+,33.00,"66.00 %",D+,35.00,"70.00 %",C,70.00,"70.00 %",C,1651735149
HONGLIN,WANG,6430311059,,,6430311059@email.psu.ac.th,20.00,"40.00 %",E,-,-,-,26.00,"52.00 %",D,52.00,"52.00 %",D,1651735149
JIAWEI,WANG,6430311060,,,6430311060@email.psu.ac.th,21.00,"42.00 %",E,27.00,"54.00 %",D,30.00,"60.00 %",D+,60.00,"60.00 %",D+,1651735149
RUIYU,WANG,6430311061,,,6430311061@email.psu.ac.th,27.00,"54.00 %",D,27.00,"54.00 %",D,30.00,"60.00 %",D+,60.00,"60.00 %",D+,1651735149
ZIANG,WANG,6430311062,,,6430311062@email.psu.ac.th,34.00,"68.00 %",D+,-,-,-,32.00,"64.00 %",D+,68.00,"68.00 %",D+,1651735149
Irada,Watcharit,6430311012,,"International Business Chinese",6430311012@email.psu.ac.th,28.00,"56.00 %",D,36.00,"72.00 %",C,47.00,"94.00 %",A,94.00,"94.00 %",A,1651735149
"KAIPET ",WICHITCHAN,6430311070,,,6430311070@email.psu.ac.th,35.00,"70.00 %",C,-,-,-,22.00,"44.00 %",E,70.00,"70.00 %",C,1651735149
Wipawee,Wiphawachart,6430311021,,,6430311021@email.psu.ac.th,43.00,"86.00 %",B+,42.00,"84.00 %",B,44.00,"88.00 %",B+,88.00,"88.00 %",B+,1651735149
RONG,XIE,6330112089,,,6330112089@email.psu.ac.th,33.00,"66.00 %",D+,34.00,"68.00 %",D+,-,-,-,68.00,"68.00 %",D+,1651735149
SHAOHUA,XIONG,6430311051,,,6430311051@email.psu.ac.th,32.00,"64.00 %",D+,32.00,"64.00 %",D+,46.00,"92.00 %",A,92.00,"92.00 %",A,1651735149
BENGANG,XU,6430311063,,,6430311063@email.psu.ac.th,34.00,"68.00 %",D+,25.00,"50.00 %",D,26.00,"52.00 %",D,68.00,"68.00 %",D+,1651735149
WEIXIAO,XU,6430311064,,,6430311064@email.psu.ac.th,34.00,"68.00 %",D+,11.00,"22.00 %",E,29.00,"58.00 %",D,68.00,"68.00 %",D+,1651735149
Warinthonâ€‹,Yahata,6430311014,,,6430311014@email.psu.ac.th,42.00,"84.00 %",B,-,-,-,-,-,-,84.00,"84.00 %",B,1651735149
GUANSHENG,ZANG,6430311067,,,6430311067@email.psu.ac.th,37.00,"74.00 %",C,35.00,"70.00 %",C,39.00,"78.00 %",C+,78.00,"78.00 %",C+,1651735149
XIAOFAN,ZHANG,6430311065,,,6430311065@email.psu.ac.th,31.00,"62.00 %",D+,12.00,"24.00 %",E,20.00,"40.00 %",E,62.00,"62.00 %",D+,1651735149
LIANG,ZHU,6430311068,,,6430311068@email.psu.ac.th,27.00,"54.00 %",D,21.00,"42.00 %",E,26.00,"52.00 %",D,54.00,"54.00 %",D,1651735149
