"First name",Surname,"ID number",Institution,Department,"Email address","Quiz: Written test: 1st attempt (Real)","Quiz: Written test: 1st attempt (Letter)","Quiz: Written test: 2nd attempt (Real)","Quiz: Written test: 2nd attempt (Letter)","Quiz: Written test: 3rd attempt (Real)","Quiz: Written test: 3rd attempt (Letter)","Course total (Real)","Course total (Letter)","Last downloaded from this course"
Oragoch,Angsanam,6430612013,,,6430612013@email.psu.ac.th,28.00,D,29.00,D,26.00,D,58.00,D,1651473627
"Supaporn Phinitchai",Aom,6430311025,,,6430311025@email.psu.ac.th,29.00,D,39.00,C+,46.00,A,92.00,A,1651473627
JIDAPA,AUSAVAPIROM,6430311073,,,6430311073@email.psu.ac.th,33.00,D+,32.00,D+,47.00,A,94.00,A,1651473627
Sanchai,Buasang,6430311019,,,6430311019@email.psu.ac.th,-,-,-,-,-,-,-,-,1651473627
Ananya,Chantarawat,6430612012,,,6430612012@email.psu.ac.th,29.00,D,28.00,D,44.00,B+,88.00,B+,1651473627
PINNAPAS,CHEUASANGA,6430612011,,,6430612011@email.psu.ac.th,32.00,D+,-,-,-,-,64.00,D+,1651473627
JIRATTIKAN,CHUAISRI,6430612017,,,6430612017@email.psu.ac.th,23.00,E,33.00,D+,46.00,A,92.00,A,1651473627
Korakot,Chuangwongphaisan,6430311027,,,6430311027@email.psu.ac.th,37.00,C,40.00,B,37.00,C,80.00,B,1651473627
YIRONG,DAI,6430311053,,,6430311053@email.psu.ac.th,31.00,D+,27.00,D,34.00,D+,68.00,D+,1651473627
MEAK,DARO,6430612015,,,6430612015@email.psu.ac.th,23.00,E,42.00,B,49.00,A,98.00,A,1651473627
ALHASSAN,DODAHSAE,6430311069,,,6430311069@email.psu.ac.th,30.00,D+,-,-,34.00,D+,68.00,D+,1651473627
Thirada,Duangthongkun,6430311029,,,6430311029@email.psu.ac.th,41.00,B,43.00,B+,41.00,B,86.00,B+,1651473627
THINLEY,GYELTSHEN,6430612016,,,6430612016@email.psu.ac.th,30.00,D+,29.00,D,50.00,A,100.00,A,1651473627
FUTIAN,HAN,6330112102,,,6330112102@email.psu.ac.th,-,-,16.00,E,19.00,E,38.00,E,1651473627
Natnicha,Inthawong,6430311004,,,6430311004@email.psu.ac.th,41.00,B,39.00,C+,22.00,E,82.00,B,1651473627
XIANGMIN,JIANG,6430311066,,,6430311066@email.psu.ac.th,28.00,D,31.00,D+,24.00,E,62.00,D+,1651473627
XINYU,JIANG,6430311054,,,6430311054@email.psu.ac.th,27.00,D,-,-,47.00,A,94.00,A,1651473627
Nattharuja,Kamolnetr,6430311006,,,6430311006@email.psu.ac.th,35.00,C,36.00,C,28.00,D,72.00,C,1651473627
SUKANYA,KERYTONG,6430311039,,,6430311039@email.psu.ac.th,41.00,B,41.00,B,38.00,C+,82.00,B,1651473627
Rangsima,Kongrod,6430311040,,,6430311040@email.psu.ac.th,32.00,D+,33.00,D+,33.00,D+,66.00,D+,1651473627
YOURONG,LI,6430311055,,,6430311055@email.psu.ac.th,29.00,D,26.00,D,29.00,D,58.00,D,1651473627
YUCHEN,LI,6430311052,,,6430311052@email.psu.ac.th,30.00,D+,-,-,28.00,D,60.00,D+,1651473627
JINGFEI,LIANG,6430612023,,,6430612023@email.psu.ac.th,3.00,E,36.00,C,-,-,72.00,C,1651473627
RUI,MA,6430311056,,,6430311056@email.psu.ac.th,37.00,C,33.00,D+,34.00,D+,74.00,C,1651473627
Natthaphat,Maholarn,6430311043,,,6430311043@email.psu.ac.th,30.00,D+,36.00,C,48.00,A,96.00,A,1651473627
Kanthida,Muanruang,6430311035,,,6430311035@email.psu.ac.th,25.00,D,-,-,47.00,A,94.00,A,1651473627
Taksin,Netharn,6430612005,,,6430612005@email.psu.ac.th,33.00,D+,-,-,24.00,E,66.00,D+,1651473627
THIPPAPHA,NUISANGA,6430612003,,,6430612003@email.psu.ac.th,33.00,D+,39.00,C+,33.00,D+,78.00,C+,1651473627
Kamontip,Nupum,6430311031,,,6430311031@email.psu.ac.th,38.00,C+,40.00,B,47.00,A,94.00,A,1651473627
Thanida,onkaew,6430612001,,,6430612001@email.psu.ac.th,40.00,B,40.00,B,41.00,B,82.00,B,1651473627
supawit,orachon,6430612018,,,6430612018@email.psu.ac.th,30.00,D+,31.00,D+,28.00,D,62.00,D+,1651473627
ATHITAYA,PHROMRAKSA,6430311028,,,6430311028@email.psu.ac.th,41.00,B,40.00,B,44.00,B+,88.00,B+,1651473627
PARIMA,PROMJAN,6430311023,,,6430311023@email.psu.ac.th,36.00,C,47.00,A,50.00,A,100.00,A,1651473627
Chitipatt,Pumpratheep,6430311003,,,6430311003@email.psu.ac.th,40.00,B,42.00,B,37.00,C,84.00,B,1651473627
Lalida,Rattana,6430311011,,,6430311011@email.psu.ac.th,29.00,D,41.00,B,48.00,A,96.00,A,1651473627
Hathairat,Rattanothai,6430311015,,,6430311015@email.psu.ac.th,28.00,D,42.00,B,38.00,C+,84.00,B,1651473627
TANTIGON,RUANGSAMUT,6430311022,,,6430311022@email.psu.ac.th,41.00,B,32.00,D+,46.00,A,92.00,A,1651473627
Kriangsak,Saemong,6430311036,,,6430311036@email.psu.ac.th,29.00,D,42.00,B,47.00,A,94.00,A,1651473627
Thanayot,Saenrach,6430311032,,,6430311032@email.psu.ac.th,-,-,36.00,C,-,-,72.00,C,1651473627
CHAN,SAEYANG,6430311071,,,6430311071@email.psu.ac.th,34.00,D+,35.00,C,39.00,C+,78.00,C+,1651473627
Thanyalak,Sangkharat,6430311041,,,6430311041@email.psu.ac.th,38.00,C+,38.00,C+,48.00,A,96.00,A,1651473627
PRIYAPHAT,SENKAN,6430612004,,,6430612004@email.psu.ac.th,38.00,C+,47.00,A,50.00,A,100.00,A,1651473627
SHUXIAN,SHAO,6430311057,,,6430311057@email.psu.ac.th,33.00,D+,26.00,D,34.00,D+,68.00,D+,1651473627
ELIZAVETA,SHUVALOVA,6430612024,,,6430612024@email.psu.ac.th,-,-,31.00,D+,31.00,D+,62.00,D+,1651473627
Parada,Srimuk,6430612007,,,6430612007@email.psu.ac.th,-,-,22.00,E,28.00,D,56.00,D,1651473627
Sarun,Suparp,6430612008,,,6430612008@email.psu.ac.th,30.00,D+,32.00,D+,26.00,D,64.00,D+,1651473627
kanyamart,tappbutr,6430612002,,,6430612002@email.psu.ac.th,28.00,D,29.00,D,-,-,58.00,D,1651473627
THANANYA,TASAKUL,6430311013,,,thananya7645@gmail.com,24.00,E,40.00,B,48.00,A,96.00,A,1651473627
Soonyata,Thamang,6430311018,,,6430311018@email.psu.ac.th,41.00,B,41.00,B,41.00,B,82.00,B,1651473627
CHOTIKA,THANINKULAPHAT,6430311002,,,6430311002@email.psu.ac.th,26.00,D,36.00,C,49.00,A,98.00,A,1651473627
Thanida,Thanprapa,6430311008,,,6430311008@email.psu.ac.th,33.00,D+,39.00,C+,41.00,B,82.00,B,1651473627
Thiyada,Thongruang,6430311030,,,6430311030@email.psu.ac.th,32.00,D+,41.00,B,41.00,B,82.00,B,1651473627
Pinmukda,Tintan,6430311016,,,6430311016@email.psu.ac.th,30.00,D+,29.00,D,27.00,D,60.00,D+,1651473627
HAOBO,WANG,6430311058,,,6430311058@email.psu.ac.th,30.00,D+,31.00,D+,33.00,D+,66.00,D+,1651473627
HONGLIN,WANG,6430311059,,,6430311059@email.psu.ac.th,17.00,E,-,-,23.00,E,46.00,E,1651473627
JIAWEI,WANG,6430311060,,,6430311060@email.psu.ac.th,17.00,E,24.00,E,27.00,D,54.00,D,1651473627
RUIYU,WANG,6430311061,,,6430311061@email.psu.ac.th,24.00,E,25.00,D,28.00,D,56.00,D,1651473627
ZIANG,WANG,6430311062,,,6430311062@email.psu.ac.th,31.00,D+,-,-,28.00,D,62.00,D+,1651473627
Irada,Watcharit,6430311012,,"International Business Chinese",6430311012@email.psu.ac.th,28.00,D,33.00,D+,45.00,A,90.00,A,1651473627
"KAIPET ",WICHITCHAN,6430311070,,,6430311070@email.psu.ac.th,32.00,D+,-,-,18.00,E,64.00,D+,1651473627
Wipawee,Wiphawachart,6430311021,,,6430311021@email.psu.ac.th,41.00,B,42.00,B,41.00,B,84.00,B,1651473627
RONG,XIE,6330112089,,,6330112089@email.psu.ac.th,30.00,D+,31.00,D+,-,-,62.00,D+,1651473627
SHAOHUA,XIONG,6430311051,,,6430311051@email.psu.ac.th,29.00,D,29.00,D,46.00,A,92.00,A,1651473627
BENGANG,XU,6430311063,,,6430311063@email.psu.ac.th,34.00,D+,23.00,E,24.00,E,68.00,D+,1651473627
WEIXIAO,XU,6430311064,,,6430311064@email.psu.ac.th,32.00,D+,10.00,E,29.00,D,64.00,D+,1651473627
Warinthonâ€‹,Yahata,6430311014,,,6430311014@email.psu.ac.th,40.00,B,-,-,-,-,80.00,B,1651473627
GUANSHENG,ZANG,6430311067,,,6430311067@email.psu.ac.th,34.00,D+,32.00,D+,36.00,C,72.00,C,1651473627
XIAOFAN,ZHANG,6430311065,,,6430311065@email.psu.ac.th,29.00,D,10.00,E,17.00,E,58.00,D,1651473627
LIANG,ZHU,6430311068,,,6430311068@email.psu.ac.th,25.00,D,18.00,E,23.00,E,50.00,D,1651473627
